movieId,clean_title
1193,One Flew Over the Cuckoo's Nest
661,James and the Giant Peach
914,My Fair Lady
3408,Erin Brockovich
2355,"Bug's Life, A"
1197,"Princess Bride, The"
1287,Ben-Hur
2804,"Christmas Story, A"
594,Snow White and the Seven Dwarfs
919,"Wizard of Oz, The"
595,Beauty and the Beast
938,Gigi
2398,Miracle on 34th Street
2918,Ferris Bueller's Day Off
1035,"Sound of Music, The"
2791,Airplane!
2687,Tarzan
2018,Bambi
3105,Awakenings
2797,Big
2321,Pleasantville
720,Wallace & Gromit: The Best of Aardman Animation
1270,Back to the Future
527,Schindler's List
2340,Meet Joe Black
48,Pocahontas
1097,E.T. the Extra-Terrestrial
1721,Titanic
1545,Ponette
745,"Close Shave, A"
2294,Antz
3186,"Girl, Interrupted"
1566,Hercules
588,Aladdin
1907,Mulan
783,"Hunchback of Notre Dame, The"
1836,"Last Days of Disco, The"
1022,Cinderella
2762,"Sixth Sense, The"
150,Apollo 13
1,Toy Story
1961,Rain Man
1962,Driving Miss Daisy
2692,Run Lola Run (Lola rennt)
260,Star Wars: Episode IV - A New Hope
1028,Mary Poppins
1029,Dumbo
1207,To Kill a Mockingbird
2028,Saving Private Ryan
531,"Secret Garden, The"
3114,Toy Story 2
608,Fargo
1246,Dead Poets Society
1357,Shine
3068,"Verdict, The"
1537,Shall We Dance? (Shall We Dansu?)
647,Courage Under Fire
2194,"Untouchables, The"
648,Mission: Impossible
2268,"Few Good Men, A"
2628,Star Wars: Episode I - The Phantom Menace
1103,Rebel Without a Cause
2916,Total Recall
3468,"Hustler, The"
1210,Star Wars: Episode VI - Return of the Jedi
1792,U.S. Marshalls
1687,"Jackal, The"
1213,GoodFellas
3578,Gladiator
2881,Double Jeopardy
3030,Yojimbo
1217,Ran
434,Cliffhanger
2126,Snake Eyes
3107,Backdraft
3108,"Fisher King, The"
3035,Mister Roberts
1253,"Day the Earth Stood Still, The"
1610,"Hunt for Red October, The"
292,Outbreak
2236,Simon Birch
3071,Stand and Deliver
902,Breakfast at Tiffany's
368,Maverick
1259,Stand by Me
3147,"Green Mile, The"
1544,"Lost World: Jurassic Park, The"
1293,Gandhi
1188,Strictly Ballroom
3255,"League of Their Own, A"
3256,Patriot Games
3257,"Bodyguard, The"
110,Braveheart
2278,Ronin
2490,Payback
1834,"Spanish Prisoner, The"
3471,Close Encounters of the Third Kind
589,Terminator 2: Judgment Day
1690,Alien: Resurrection
3654,"Guns of Navarone, The"
2852,"Soldier's Story, A"
1945,On the Waterfront
982,Picnic
1873,"Misérables, Les"
2858,American Beauty
1225,Amadeus
515,"Remains of the Day, The"
442,Demolition Man
2312,Children of a Lesser God
265,Like Water for Chocolate (Como agua para chocolate)
1408,"Last of the Mohicans, The"
1084,Bonnie and Clyde
3699,Starman
480,Jurassic Park
1442,Prefontaine
2067,Doctor Zhivago
1265,Groundhog Day
1370,Die Hard 2
1801,"Man in the Iron Mask, The"
1372,Star Trek VI: The Undiscovered Country
2353,Enemy of the State
3334,Key Largo
2427,"Thin Red Line, The"
590,Dances with Wolves
1196,Star Wars: Episode V - The Empire Strikes Back
1552,Con Air
736,Twister
1198,Raiders of the Lost Ark
593,"Silence of the Lambs, The"
2359,Waking Ned Devine
95,Broken Arrow
2717,Ghostbusters II
2571,"Matrix, The"
1917,Armageddon
2396,Shakespeare in Love
3735,Serpico
1953,"French Connection, The"
1597,Conspiracy Theory
3809,What About Bob?
1954,Rocky
1955,Kramer Vs. Kramer
235,Ed Wood
1124,On Golden Pond
1957,Chariots of Fire
163,Desperado
21,Get Shorty
165,Die Hard: With a Vengeance
1090,Platoon
380,True Lies
2501,October Sky
349,Clear and Present Danger
457,"Fugitive, The"
1096,Sophie's Choice
920,Gone with the Wind
459,"Getaway, The"
1527,"Fifth Element, The"
3418,Thelma & Louise
1385,Under Siege
3451,Guess Who's Coming to Dinner
3095,"Grapes of Wrath, The"
780,Independence Day (ID4)
498,Mr. Jones
2728,Spartacus
2002,Lethal Weapon 3
1784,As Good As It Gets
2943,Indochine
2006,"Mask of Zorro, The"
318,"Shawshank Redemption, The"
1968,"Breakfast Club, The"
3678,"Man with the Golden Arm, The"
1244,Manhattan
356,Forrest Gump
1245,Miller's Crossing
3893,Nurse Betty
1247,"Graduate, The"
3421,Animal House
1641,"Full Monty, The"
1394,Raising Arizona
3534,28 Days
104,Happy Gilmore
2735,"Golden Child, The"
1431,Beverly Hills Ninja
3868,"Naked Gun: From the Files of Police Squad!, The"
1079,"Fish Called Wanda, A"
2997,Being John Malkovich
1615,"Edge, The"
1291,Indiana Jones and the Last Crusade
653,Dragonheart
2167,Blade
1580,Men in Black
3619,"Hollywood Knights, The"
1049,"Ghost and the Darkness, The"
1261,Evil Dead II (Dead By Dawn)
552,"Three Musketeers, The"
1266,Unforgiven
733,"Rock, The"
1378,Young Guns
1379,Young Guns II
3552,Caddyshack
1304,Butch Cassidy and the Sundance Kid
2470,Crocodile Dundee
3168,Easy Rider
2617,"Mummy, The"
3671,Blazing Saddles
2871,Deliverance
2115,Indiana Jones and the Temple of Doom
1136,Monty Python and the Holy Grail
2081,"Little Mermaid, The"
2951,"Fistful of Dollars, A"
1214,Alien
1036,Die Hard
3702,Mad Max
2366,King Kong
1387,Jaws
3527,Predator
1201,"Good, The Bad and The Ugly, The"
2947,Goldfinger
1240,"Terminator, The"
2987,Who Framed Roger Rabbit?
2333,Gods and Monsters
1175,Delicatessen
39,Clueless
288,Natural Born Killers
2337,Velvet Goldmine
1535,Love! Valour! Compassion!
1392,Citizen Ruth
1466,Donnie Brasco
860,"Maybe, Maybe Not (Bewegte Mann, Der)"
1683,"Wings of the Dove, The"
866,Bound
1684,Mrs. Dalloway
2770,Bowfinger
215,Before Sunrise
1759,Four Days in September
501,Naked
506,Orlando
1250,"Bridge on the River Kwai, The"
3793,X-Men
509,"Piano, The"
41,Richard III
2058,"Negotiator, The"
3799,Pokémon the Movie 2000
47,Seven (Se7en)
2700,"South Park: Bigger, Longer and Uncut"
296,Pulp Fiction
581,"Celluloid Closet, The"
1617,L.A. Confidential
728,Cold Comfort Farm
299,Priest
3079,Mansfield Park
2560,Ravenous
1909,"X-Files: Fight the Future, The"
224,Don Juan DeMarco
3728,One False Move
229,Death and the Maiden
6,Heat
3006,"Insider, The"
1046,Beautiful Thing
800,Lone Star
50,"Usual Suspects, The"
52,Mighty Aphrodite
1191,Madonna: Truth or Dare
1192,Paris Is Burning
3081,Sleepy Hollow
377,Speed
1268,Pump Up the Volume
3083,All About My Mother (Todo Sobre Mi Madre)
3513,Rules of Engagement
2428,"Faculty, The"
2282,Pecker
3514,Joe Gould's Secret
1554,"Pillow Book, The"
1912,Out of Sight
2716,Ghostbusters
1485,Liar Liar
2289,"Player, The"
162,Crumb
1127,"Abyss, The"
3016,Creepshow
2070,Tender Mercies
1704,Good Will Hunting
3163,Topsy-Turvy
2437,Wilde
2291,Edward Scissorhands
1635,"Ice Storm, The"
1279,Night on Earth
2721,Trick
2723,Mystery Men
1921,Pi
2725,Twin Falls Idaho
1923,There's Something About Mary
2580,Go
3386,JFK
3744,Shaft
968,Night of the Living Dead
896,Wild Reeds
3020,Falling Down
1788,Men With Guns
176,Living in Oblivion
461,Go Fish
1429,Jackie Chan's First Strike
2159,Henry: Portrait of a Serial Killer
1715,Office Killer
1643,"Mrs. Brown (Her Majesty, Mrs. Brown)"
3249,"Hand That Rocks the Cradle, The"
3176,"Talented Mr. Ripley, The"
1719,"Sweet Hereafter, The"
2806,Teaching Mrs. Tingle
2734,"Mosquito Coast, The"
1649,"Fast, Cheap & Out of Control"
321,Strawberry and Chocolate (Fresa y chocolate)
2013,"Poseidon Adventure, The"
3100,"River Runs Through It, A"
2952,"Hard 8 (a.k.a. Sydney, a.k.a. Hard Eight)"
1794,Love and Death on Long Island
2599,Election
1500,Grosse Pointe Blank
2959,Fight Club
1509,All Over Me
1722,Tomorrow Never Dies
1650,Washington Square
908,North by Northwest
1653,Gattaca
2384,Babe: Pig in the City
1729,Jackie Brown
3476,Jacob's Ladder
2890,Three Kings
3113,End of Days
16,Casino
2029,Billy's Hollywood Screen Kiss
194,Smoke
551,"Nightmare Before Christmas, The"
1513,Romy and Michele's High School Reunion
3046,"Incredibly True Adventure of Two Girls in Love, The"
2318,Happiness
1517,Austin Powers: International Man of Mystery
1089,Reservoir Dogs
3260,Howards End
913,"Maltese Falcon, The"
1730,Kundun
3409,Final Destination
2607,Get Real
1449,Waiting for Guffman
1732,"Big Lebowski, The"
1733,Afterglow
2390,Little Voice
1734,My Life in Pink (Ma vie en rose)
3266,Man Bites Dog (C'est arrivé près de chez vous)
3267,"Mariachi, El"
3624,Shanghai Noon
2395,Rushmore
1594,In the Company of Men
2683,Austin Powers: The Spy Who Shagged Me
412,"Age of Innocence, The"
2759,Dick
994,Big Night
1884,Fear and Loathing in Las Vegas
1885,"Opposite of Sex, The"
272,"Madness of King George, The"
24,Powder
3051,Anywhere But Here
348,Bullets Over Broadway
2323,"Cruise, The"
1093,"Doors, The"
29,"City of Lost Children, The"
562,Welcome to the Dollhouse
1095,Glengarry Glen Ross
1529,Nowhere
2188,54
497,Much Ado About Nothing
202,Total Eclipse
1747,Wag the Dog
2908,Boys Don't Cry
1966,Metropolitan
3499,Misery
353,"Crow, The"
32,Twelve Monkeys
1243,Rosencrantz and Guildenstern Are Dead
1897,High Art
1171,Bob Roberts
3786,But I'm a Cheerleader
34,Babe
357,Four Weddings and a Funeral
36,Dead Man Walking
714,Dead Man
2406,Romancing the Stone
1101,Top Gun
3717,Gone in 60 Seconds
1030,Pete's Dragon
1688,Anastasia
364,"Lion King, The"
3501,Murphy's Romance
3072,Moonstruck
3074,Jeremiah Johnson
3508,"Outlaw Josey Wales, The"
1043,To Gillian on Her 37th Birthday
597,Pretty Woman
383,Wyatt Earp
2506,"Other Sister, The"
3524,Arthur
1569,My Best Friend's Wedding
2082,"Mighty Ducks, The"
3600,Blue Hawaii
3604,Gypsy
2802,Tequila Sunrise
3536,Keeping the Faith
3753,"Patriot, The"
3682,Magnum Force
2017,Babes in Toyland
3685,Prizzi's Honor
3610,Roustabout
1296,"Room with a View, A"
838,Emma
1007,"Apple Dumpling Gang, The"
1947,West Side Story
2966,"Straight Story, The"
266,Legends of the Fall
17,Sense and Sensibility
1441,Benny & Joon
1088,Dirty Dancing
912,Casablanca
199,"Umbrellas of Cherbourg, The (Parapluies de Cherbourg, Les)"
1806,Paulie
2469,Peggy Sue Got Married
2100,Splash
1959,Out of Africa
1380,Grease
569,Little Big League
1674,Witness
3565,Where the Heart Is
861,Supercop
1997,"Exorcist, The"
1573,Face/Off
474,In the Line of Fire
1221,"Godfather: Part II, The"
2336,Elizabeth
3425,Mo' Better Blues
1393,Jerry Maguire
1682,"Truman Show, The"
508,Philadelphia
3213,Batman: Mask of the Phantasm
42,Dead Presidents
650,Moll Flanders
3500,Mr. Saturday Night
3148,"Cider House Rules, The"
2702,Summer of Sam
1476,Private Parts
1693,Amistad
151,Rob Roy
510,Poetic Justice
4,Waiting to Exhale
1621,Soul Food
3155,Anna and the King
58,"Postino, Il (The Postman)"
2712,Eyes Wide Shut
2429,Mighty Joe Young
1840,He Got Game
1916,Buffalo 66
1488,"Devil's Own, The"
230,Dolores Claiborne
1120,"People vs. Larry Flynt, The"
161,Crimson Tide
1411,Hamlet
524,Rudy
1059,William Shakespeare's Romeo and Juliet
454,"Firm, The"
1701,Deconstructing Harry
1274,Akira
741,Ghost in the Shell (Kokaku kidotai)
1277,Cyrano de Bergerac
1639,Chasing Amy
3528,"Prince of Tides, The"
2297,What Dreams May Come
465,Heaven & Earth
1711,Midnight in the Garden of Good and Evil
538,Six Degrees of Separation
393,Street Fighter
2442,Hilary and Jackie
73,"Misérables, Les"
3246,Malcolm X
3173,Any Given Sunday
105,"Bridges of Madison County, The"
253,Interview with the Vampire
3250,Alive
3252,Scent of a Woman
476,"Inkwell, The"
111,Taxi Driver
3259,Far and Away
1589,Cop Land
2023,"Godfather: Part III, The"
14,Nixon
337,What's Eating Gilbert Grape
2314,Beloved
2600,eXistenZ
269,My Crazy Life (Mi vida loca)
555,True Romance
1660,Eve's Bayou
3265,Hard-Boiled (Lashou shentan)
1735,Great Expectations
3481,High Fidelity
2686,"Red Violin, The (Le Violon rouge)"
2688,"General's Daughter, The"
345,"Adventures of Priscilla, Queen of the Desert, The"
2320,Apt Pupil
25,Leaving Las Vegas
2324,Life Is Beautiful (La Vita è bella)
2329,American History X
1810,Primary Colors
2541,Cruel Intentions
1673,Boogie Nights
1678,"Joy Luck Club, The"
1027,Robin Hood: Prince of Thieves
2699,Arachnophobia
282,Nell
367,"Mask, The"
223,Clerks
3298,Boiler Room
3948,Meet the Parents
805,"Time to Kill, A"
3510,Frequency
300,Quiz Show
1777,"Wedding Singer, The"
3301,"Whole Nine Yards, The"
1343,Cape Fear
3160,Magnolia
529,Searching for Bobby Fischer
3452,Romeo Must Die
1060,Swingers
1356,Star Trek: First Contact
1358,Sling Blade
3178,"Hurricane, The"
3751,Chicken Run
3826,Hollow Man
3755,"Perfect Storm, The"
2302,My Cousin Vinny
1148,"Wrong Trousers, The"
2166,Return to Paradise
3253,Wayne's World
1584,Contact
1223,"Grand Day Out, A"
1446,Kolya
3623,Mission: Impossible 2
778,Trainspotting
1669,"Tango Lesson, The"
3484,"Skulls, The"
3916,Remember the Titans
1233,"Boat, The (Das Boot)"
1307,When Harry Met Sally...
3270,"Cutting Edge, The"
1310,Hype!
428,"Bronx Tale, A"
2622,"Midsummer Night's Dream, A"
3358,Defending Your Life
3359,Breaking Away
1756,"Prophecy II, The"
1320,Alien³
2124,"Addams Family, The"
2125,Ever After: A Cinderella Story
2054,"Honey, I Shrunk the Kids"
1252,Chinatown
1254,"Treasure of the Sierra Madre, The"
3869,"Naked Gun 2 1/2: The Smell of Fear, The"
1256,Duck Soup
1257,Better Off Dead...
1831,Lost in Space
3363,American Graffiti
586,Home Alone
587,Ghost
3438,Teenage Mutant Ninja Turtles
3439,Teenage Mutant Ninja Turtles II: The Secret of the Ooze
3296,To Sir with Love
2496,Blast from the Past
2497,Message in a Bottle
2,Jumanji
2498,My Favorite Martian
153,Batman Forever
7,Sabrina
2133,Adventures in Babysitting
2135,Doctor Dolittle
2136,"Nutty Professor, The"
2137,Charlotte's Web
802,Phenomenon
2138,Watership Down
1409,Michael
1339,Bram Stoker's Dracula
1269,Arsenic and Old Lace
2640,Superman
592,Batman
596,Pinocchio
3447,"Good Earth, The"
1918,Lethal Weapon 4
2140,"Dark Crystal, The"
2072,"'burbs, The"
1271,Fried Green Tomatoes
1345,Carrie
2077,"Journey of Natty Gann, The"
2078,"Jungle Book, The"
1276,Cool Hand Luke
743,Spy Hard
671,Mystery Science Theater 3000: The Movie
1278,Young Frankenstein
3525,Bachelor Party
1927,All Quiet on the Western Front
2657,"Rocky Horror Picture Show, The"
3388,Harry and the Hendersons
316,Stargate
317,"Santa Clause, The"
248,Houseguest
2080,Lady and the Tramp
1282,Fantasia
1283,High Noon
750,Dr. Strangelove or: How I Learned to Stop Worrying and Love the Bomb
2087,Peter Pan
1286,Somewhere in Time
3608,Pee-wee's Big Adventure
2662,"War of the Worlds, The"
3466,Heart and Souls
2300,"Producers, The"
180,Mallrats
329,Star Trek: Generations
3034,Robin Hood
186,Nine Months
2161,"NeverEnding Story, The"
3037,Little Big Man
2090,"Rescuers, The"
3039,Trading Places
2091,Return from Witch Mountain
830,"First Wives Club, The"
2093,Return to Oz
904,Rear Window
2094,"Rocketeer, The"
1292,Being There
2096,Sleeping Beauty
1294,M*A*S*H
765,Jack
2746,Little Shop of Horrors
1009,Escape to Witch Mountain
1948,Tom Jones
333,Tommy Boy
339,While You Were Sleeping
2316,Practical Magic
1371,Star Trek: The Motion Picture
2174,Beetlejuice
1374,Star Trek: The Wrath of Khan
1375,Star Trek III: The Search for Spock
915,Sabrina
1376,Star Trek IV: The Voyage Home
1377,Batman Returns
916,Roman Holiday
918,Meet Me in St. Louis
1012,Old Yeller
2826,"13th Warrior, The"
3629,"Gold Rush, The"
1015,Homeward Bound: The Incredible Journey
1016,"Shaggy Dog, The"
1019,"20,000 Leagues Under the Sea"
3489,Hook
344,Ace Ventura: Pet Detective
275,Mixed Nuts
2252,Hero
277,Miracle on 34th Street
923,Citizen Kane
924,2001: A Space Odyssey
3701,Alien Nation
3703,Mad Max 2 (a.k.a. The Road Warrior)
926,All About Eve
3704,Mad Max Beyond Thunderdome
1020,Cool Runnings
784,"Cable Guy, The"
858,"Godfather, The"
1023,Winnie the Pooh and the Blustery Day
1025,"Sword in the Stone, The"
2693,Trekkies
1967,Labyrinth
351,"Corrina, Corrina"
2405,"Jewel of the Nile, The"
2407,Cocoon
3066,Tora! Tora! Tora!
2193,Willow
932,"Affair to Remember, An"
1031,Bedknobs and Broomsticks
1104,"Streetcar Named Desire, A"
1032,Alice in Wonderland
435,Coneheads
943,"Ghost and Mrs. Muir, The"
3723,Hamlet
1042,That Thing You Do!
370,Naked Gun 33 1/3: The Final Insult
2423,Christmas Vacation
3153,"7th Voyage of Sinbad, The"
2424,You've Got Mail
3086,March of the Wooden Soldiers (a.k.a. Laurel & Hardy in Toyland)
3087,Scrooged
953,It's a Wonderful Life
954,Mr. Smith Goes to Washington
3591,Mr. Mom
2863,"Hard Day's Night, A"
3593,Battlefield Earth
1125,"Return of the Pink Panther, The"
520,Robin Hood: Men in Tights
3668,Romeo and Juliet
2795,Vacation
1129,Escape from New York
2431,Patch Adams
62,Mr. Holland's Opus
3309,"Dog's Life, A"
1633,Ulee's Gold
2436,Tea with Mussolini
3097,"Shop Around the Corner, The"
3099,Shampoo
3812,Everything You Always Wanted to Know About Sex
2000,Lethal Weapon
963,"Inspector General, The"
2001,Lethal Weapon 2
1200,Aliens
2003,Gremlins
1203,12 Angry Men
2005,"Goonies, The"
1204,Lawrence of Arabia
969,"African Queen, The"
2872,Excalibur
3675,White Christmas
2946,Help!
898,"Philadelphia Story, The"
2009,Soylent Green
2874,"Pajama Game, The"
899,Singin' in the Rain
1135,Private Benjamin
2948,From Russia with Love
539,Sleepless in Seattle
2371,Fletch
3247,Sister Act
3174,Man on the Moon
3175,Galaxy Quest
2375,"Money Pit, The"
2378,Police Academy
971,Cat on a Hot Tin Roof
2011,Back to the Future Part II
2012,Back to the Future Part III
2015,"Absent Minded Professor, The"
1215,Army of Darkness
1073,Willy Wonka and the Chocolate Factory
3688,Porky's
541,Blade Runner
542,Son in Law
543,So I Married an Axe Murderer
3254,Wayne's World 2
2453,"Boy Who Could Fly, The"
2529,Planet of the Apes
1654,FairyTale: A True Story
1583,"Simple Wish, A"
3189,My Dog Skip
116,Anne Frank Remembered
1586,G.I. Jane
2021,Dune
1220,"Blues Brothers, The"
1080,Monty Python's Life of Brian
2967,"Bad Seed, The"
2968,Time Bandits
2530,Beneath the Planet of the Apes
3264,Buffy the Vampire Slayer
3194,"Way We Were, The"
2393,Star Trek: Insurrection
3198,Papillon
2399,Santa Claus: The Movie
1302,Field of Dreams
1230,Annie Hall
2105,Tron
2033,"Black Cauldron, The"
2108,L.A. Story
1234,"Sting, The"
2109,"Jerk, The"
1091,Weekend at Bernie's
3347,Never Cry Wolf
203,"To Wong Foo, Thanks for Everything! Julie Newmar"
1676,Starship Troopers
208,Waterworld
2111,"Man with Two Brains, The"
2040,"Computer Wore Tennis Shoes, The"
2041,Condorman
3928,Abbott and Costello Meet Frankenstein
2043,Darby O'Gill and the Little People
2045,"Far Off Place, A"
2046,Flight of the Navigator
2047,"Gnome-Mobile, The"
2049,"Happiest Millionaire, The"
1753,Half Baked
216,Billy Madison
2706,American Pie
2639,Mommie Dearest
2710,"Blair Witch Project, The"
663,Kids in the Hall: Brain Candy
3448,"Good Morning, Vietnam"
231,Dumb & Dumber
2076,Blue Velvet
246,Hoop Dreams
249,Immortal Beloved
1288,This Is Spinal Tap
3396,"Muppet Movie, The"
3101,Fatal Attraction
2598,Pushing Tin
2306,Holy Man
764,Heavy
342,Muriel's Wedding
1887,Almost Heroes
2325,Orgazmo
3129,Sweet and Lowdown
2907,Superstar
788,"Nutty Professor, The"
2766,"Adventures of Sebastian Cole, The"
2335,"Waterboy, The"
1461,Vegas Vacation
3146,Deuce Bigalow: Male Gigolo
1546,Schizopolis
440,Dave
441,Dazed and Confused
2507,Breakfast of Champions
1563,Dream With the Fishes
1498,Inventing the Abbotts
2883,Mumford
3182,Mr. Death: The Rise and Fall of Fred A. Leuchter Jr.
85,Angels and Insects
88,Black Sheep
986,Fly Away Home
481,Kalifornia
2539,Analyze This
1665,Bean
2106,Swing Kids
708,"Truth About Cats & Dogs, The"
3362,Dog Day Afternoon
813,Larger Than Life
3897,Almost Famous
934,Father of the Bride
3658,Quatermass and the Pit
1303,"Man Who Would Be King, The"
999,2 Days in the Valley
2616,Dick Tracy
3785,Scary Movie
1331,Audrey Rose
1262,"Great Escape, The"
2641,Superman II
3036,Quest for Fire
3479,Ladyhawke
10,GoldenEye
2822,Medicine Man
3494,True Grit
421,Black Beauty
3070,"Adventures of Buckaroo Bonzai Across the 8th Dimension, The"
2414,Young Sherlock Holmes
1479,"Saint, The"
517,Rising Sun
952,Around the World in 80 Days
60,"Indian in the Cupboard, The"
3745,Titan A.E.
2370,"Emerald Forest, The"
1216,"Big Blue, The (Le Grand Bleu)"
2528,Logan's Run
1587,Conan the Barbarian
3269,Forever Young
3417,"Crimson Pirate, The"
3354,Mission to Mars
1263,"Deer Hunter, The"
2572,10 Things I Hate About You
2731,"400 Blows, The (Les Quatre cents coups)"
3033,Spaceballs
2243,Broadcast News
2694,Big Daddy
2920,Children of Paradise (Les enfants du paradis)
1982,Halloween
2976,Bringing Out the Dead
2485,She's All That
141,"Birdcage, The"
3798,What Lies Beneath
2707,Arlington Road
2567,EDtv
3004,"Bachelor, The"
3005,"Bone Collector, The"
2719,"Haunting, The"
160,Congo
748,"Arrival, The"
2724,Runaway Bride
2581,Never Been Kissed
1783,Palmetto
1422,Murder at 1600
3461,Lord of the Flies
3535,American Psycho
257,Just Cause
832,Ransom
762,Striptease
2676,Instinct
1883,Bulworth
2763,"Thomas Crown Affair, The"
3566,"Big Kahuna, The"
2764,"Thomas Crown Affair, The"
1892,"Perfect Murder, A"
1608,Air Force One
1396,Sneakers
2840,Stigmata
2841,Stir of Echoes
3646,Big Momma's House
500,Mrs. Doubtfire
3145,"Cradle Will Rock, The"
2272,One True Thing
2273,Rush Hour
1619,Seven Years in Tibet
1625,"Game, The"
1487,Selena
1702,Flubber
2433,"Civil Action, A"
70,From Dusk Till Dawn
1644,I Know What You Did Last Summer
1645,"Devil's Advocate, The"
2882,Jakob the Liar
2387,Very Bad Things
2389,Psycho
2961,"Story of Us, The"
553,Tombstone
628,Primal Fear
3261,Singles
2605,Entrapment
1804,"Newton Boys, The"
1805,Wild Things
2391,"Simple Plan, A"
2394,"Prince of Egypt, The"
3773,House Party
1092,Basic Instinct
1672,"Rainmaker, The"
2555,Baby Geniuses
2629,"Love Letter, The"
2701,Wild Wild West
2568,"Mod Squad, The"
2713,Lake Placid
1911,Doctor Dolittle
3516,"Bell, Book and Candle"
2643,Superman IV: The Quest for Peace
2720,Inspector Gadget
2722,Deep Blue Sea
2805,Mickey Blue Eyes
2828,Dudley Do-Right
2761,"Iron Giant, The"
2856,I Saw What You Did
2369,Desperately Seeking Susan
2888,Drive Me Crazy
2392,Jack Frost
2975,"Best Man, The"
1179,"Grifters, The"
2553,Village of the Damned
2554,Children of the Damned
3932,"Invisible Man, The"
3863,"Cell, The"
1185,My Left Foot
3503,Solaris (Solyaris)
3879,"Art of War, The"
3375,Destination Moon
1779,Sphere
164,Devil in a Blue Dress
3457,Waking the Dead
319,Shallow Grave
247,Heavenly Creatures
1428,Angel Baby
1284,"Big Sleep, The"
2660,"Thing From Another World, The"
2661,It Came from Outer Space
2663,It Came from Beneath the Sea
2664,Invasion of the Body Snatchers
2667,"Mole People, The"
2668,Swamp Thing
3032,"Omega Man, The"
2311,2010
2173,"Navigator: A Mediaeval Odyssey, The"
198,Strange Days
2752,Outrageous Fortune
340,"War, The"
3700,"Brother from Another Planet, The"
2901,Phantasm
3638,Moonraker
30,Shanghai Triad (Yao a yao yao dao waipo qiao)
1601,Hoodlum
3713,"Long Walk Home, The"
2912,"Limey, The"
3576,"Hidden, The"
503,"New Age, The"
293,"Professional, The (a.k.a. Leon: The Professional)"
1614,In & Out
2346,"Stepford Wives, The"
942,Laura
446,Farewell My Concubine
1624,"Thousand Acres, A"
3156,Bicentennial Man
2287,Them!
2288,"Thing, The"
3662,Puppet Master III: Toulon's Revenge
3594,Center Stage
3300,Pitch Black
1206,"Clockwork Orange, A"
1069,"Murder, My Sweet"
76,Screamers
2377,Lifeforce
2010,Metropolis
3827,Space Cowboys
610,Heavy Metal
1077,Sleeper
2526,Meteor
2527,Westworld
2454,"Fly, The"
2455,"Fly, The"
3696,Night of the Creeps
2533,Escape from the Planet of the Apes
1301,Forbidden Planet
707,Mulholland Falls
2613,Night of the Comet
2542,"Lock, Stock & Two Smoking Barrels"
496,What Happened Was...
2549,Wing Commander
1748,Dark City
3927,Fantastic Voyage
2116,"Lord of the Rings, The"
2117,Nineteen Eighty-Four
2985,Robocop
2989,For Your Eyes Only
2123,All Dogs Go to Heaven
2052,Hocus Pocus
2993,Thunderball
1186,"Sex, Lies, and Videotape"
222,Circle of Friends
158,Casper
3877,Supergirl
2139,"Secret of NIMH, The"
3440,Teenage Mutant Ninja Turtles III
737,Barb Wire
2718,Drop Dead Gorgeous
2573,Tango
302,Queen Margot (La Reine Margot)
232,Eat Drink Man Woman
2141,"American Tail, An"
2142,"American Tail: Fievel Goes West, An"
168,First Knight
2143,Legend
2145,Pretty in Pink
1344,Cape Fear
3889,Highlander: Endgame
1275,Highlander
3526,Parenthood
313,"Swan Princess, The"
2153,"Avengers, The"
2083,"Muppet Christmas Carol, The"
2085,101 Dalmatians
2089,"Rescuers Down Under, The"
2807,Universal Soldier: The Return
2739,"Color Purple, The"
3397,"Great Muppet Caper, The"
3398,"Muppets Take Manhattan, The"
3399,Sesame Street Presents Follow That Bird
327,Tank Girl
1367,101 Dalmatians
839,"Crow: City of Angels, The"
1005,D3: The Mighty Ducks
405,Highlander III: The Sorcerer
1876,Deep Impact
261,Little Women
262,"Little Princess, A"
2248,Say Anything...
1013,"Parent Trap, The"
1882,Godzilla
1956,Ordinary People
26,Othello
2253,Toys
3705,Bird on a Wire
3633,On Her Majesty's Secret Service
3635,"Spy Who Loved Me, The"
1960,"Last Emperor, The"
3639,"Man with the Golden Gun, The"
2402,Rambo: First Blood Part II
2404,Rambo III
1606,Kull the Conqueror
1391,Mars Attacks!
1033,"Fox and the Hound, The"
291,Poison Ivy II
44,Mortal Kombat
2348,Sid and Nancy
940,"Adventures of Robin Hood, The"
2421,"Karate Kid, Part II, The"
2422,"Karate Kid III, The"
1126,Drop Dead Fred
1562,Batman & Robin
1499,Anaconda
1064,Aladdin and the King of Thieves
532,Serial Mom
466,Hot Shots! Part Deux
2373,Red Sonja
2014,Freaky Friday
2953,Home Alone 2: Lost in New York
2019,Seven Samurai (The Magnificent Seven) (Shichinin no samurai)
616,"Aristocats, The"
546,Super Mario Bros.
2450,Howard the Duck
475,In the Name of the Father
86,White Squall
2020,Dangerous Liaisons
2025,Lolita
2893,Plunkett & MaCleane
3698,"Running Man, The"
485,Last Action Hero
1591,Spawn
1739,3 Ninjas: High Noon On Mega Mountain
3911,Best in Show
1094,"Crying Game, The"
493,Menace II Society
2042,D2: The Mighty Ducks
1242,Glory
3930,"Creature From the Black Lagoon, The"
1321,"American Werewolf in London, An"
2990,Licence to Kill
2991,Live and Let Die
1327,"Amityville Horror, The"
1258,"Shining, The"
2633,"Mummy, The"
2638,"Mummy's Tomb, The"
1407,Scream
1334,"Blob, The"
2064,Roger & Me
2644,Dracula
2646,House of Dracula
2647,House of Frankenstein
2574,"Out-of-Towners, The"
1772,Blues Brothers 2000
2648,Frankenstein
2649,Son of Frankenstein
1340,Bride of Frankenstein
2653,Son of Dracula
1350,"Omen, The"
2160,Rosemary's Baby
330,Tales from the Hood
1373,Star Trek V: The Final Frontier
842,Tales from the Crypt Presents: Bordello of Blood
785,Kingpin
2836,Outside Providence
420,Beverly Hills Cop III
3208,Loaded Weapon 1
2338,I Still Know What You Did Last Summer
2195,Dirty Work
1974,Friday the 13th
879,"Relic, The"
2782,Pit and the Pendulum
2789,Damien: Omen II
3082,"World Is Not Enough, The"
2860,Blue Streak
2790,"Final Conflict, The (a.k.a. Omen III: The Final Conflict)"
3596,Screwed
1994,Poltergeist
2502,Office Space
2367,King Kong
2296,"Night at the Roxbury, A"
2004,Gremlins 2: The New Batch
2949,Dr. No
1717,Scream 2
2376,"View to a Kill, A"
3752,"Me, Myself and Irene"
1219,Psycho
3325,"Next Best Thing, The"
1655,Phantoms
2103,Tall Tale
3273,Scream 3
1694,"Apostle, The"
1468,Booty Call
585,"Brady Bunch Movie, The"
3000,"Princess Mononoke, The (Mononoke Hime)"
2800,Little Nemo: Adventures in Slumberland
3053,"Messenger: The Story of Joan of Arc, The"
3268,Stop! Or My Mom Will Shoot
3774,House Party 2
3355,"Ninth Gate, The"
1754,Fallen
145,Bad Boys
1689,"Man Who Knew Too Little, The"
2122,Children of the Corn
2134,Weird Science
1405,Beavis and Butt-head Do America
3017,Creepshow 2
1347,"Nightmare on Elm Street, A"
818,"Very Brady Sequel, A"
3450,Grumpy Old Men
678,Some Folks Call It a Sling Blade
312,Stuart Saves His Family
173,Judge Dredd
2150,"Gods Must Be Crazy, The"
1425,Fierce Creatures
3896,"Way of the Gun, The"
1799,Suicide Kings
256,Junior
185,"Net, The"
2163,Attack of the Killer Tomatoes!
1438,Dante's Peak
833,High School High
2671,Notting Hill
910,Some Like It Hot
2249,My Blue Heaven
771,"Vie est belle, La (Life is Rosey)"
849,Escape from L.A.
3120,"Distinguished Gentleman, The"
3052,Dogma
2189,I Married A Strange Person
786,Eraser
429,Cabin Boy
2263,"Seventh Sign, The"
2265,Nothing But Trouble
1034,Freeway
798,Daylight
799,"Frighteners, The"
1037,"Lawnmower Man, The"
3210,Fast Times at Ridgemont High
2413,Clue
2416,Back to School
1047,"Long Kiss Goodnight, The"
3660,Puppet Master
3661,Puppet Master II
2792,Airplane II: The Sequel
1991,Child's Play
2794,European Vacation
65,Bio-Dome
1205,"Transformers: The Movie, The"
3243,Encino Man
2374,Gung Ho
473,In the Army Now
81,Things to Do in Denver when You're Dead
3258,Death Becomes Her
112,Rumble in the Bronx
3835,"Crush, The"
1222,Full Metal Jacket
3917,Hellraiser
2478,Three Amigos!
1248,Touch of Evil
1249,Nikita (La Femme Nikita)
3420,...And Justice for All
3505,No Way Out
1189,"Thin Blue Line, The"
3507,"Odd Couple, The"
3435,Double Indemnity
659,Purple Noon
2202,Lifeboat
1267,"Manchurian Candidate, The"
1199,Brazil
2642,Superman III
1845,Zero Effect
3952,"Contender, The"
2148,House
2149,House II: The Second Story
3521,Mystery Train
674,Barbarella
2726,"Killing, The"
2808,Universal Soldier
3104,Midnight Run
187,Party Girl
903,Vertigo
3618,Small Time Crooks
3474,Retroactive
11,"American President, The"
2241,Class
3044,Dead Again
196,Species
911,Charade
2176,Rope
3551,Marathon Man
3556,"Virgin Suicides, The"
1958,Terms of Endearment
2322,Soldier
2259,Blame It on Rio
1388,Jaws 2
3634,Seven Days in May
3708,Firestarter
1965,Repo Man
2409,Rocky II
2917,Body Heat
431,Carlito's Way
2410,Rocky III
2411,Rocky IV
45,To Die For
2419,Extremities
951,His Girl Friday
521,Romeo Is Bleeding
3740,Big Trouble in Little China
3741,Badlands
2511,"Long Goodbye, The"
1212,"Third Man, The"
1218,"Killer, The (Die xue shuang xiong)"
3763,F/X
1227,Once Upon a Time in America
556,"War Room, The"
3338,For All Mankind
125,Flirting With Disaster
3770,Dreamscape
1306,Until the End of the World (Bis ans Ende der Welt)
2973,Crimes and Misdemeanors
3920,"Faraway, So Close (In Weiter Ferne, So Nah!)"
1313,Mad Dog Time
2118,"Dead Zone, The"
2119,Maximum Overdrive
3424,Do the Right Thing
3361,Bull Durham
2132,Who's Afraid of Virginia Woolf?
303,"Quick and the Dead, The"
2144,Sixteen Candles
175,Kids
2301,History of the World: Part I
2245,Working Girl
2757,Frances
3707,Nine 1/2 Weeks
425,Blue Sky
2915,Risky Business
372,Reality Bites
2352,"Big Chill, The"
1057,Everyone Says I Love You
468,"Englishman Who Went Up a Hill, But Came Down a Mountain, The"
1663,Stripes
2709,Muppets From Space
157,Canadian Bacon
1920,Small Soldiers
688,Operation Dumbo Drop
3676,Eraserhead
3422,She's Gotta Have It
3423,School Daze
719,Multiplicity
3426,Jungle Fever
3287,"Tigger Movie, The"
2558,Forces of Nature
217,"Babysitter, The"
2053,"Honey, I Blew Up the Kid"
2059,"Parent Trap, The"
724,"Craft, The"
3502,My Life
3506,North Dallas Forty
3360,Hoosiers
1833,Mercury Rising
3,Grumpier Old Men
5,Father of the Bride Part II
804,She's the One
3441,Red Dawn
234,Exit to Eden
236,French Kiss
237,Forget Paris
2146,St. Elmo's Fire
673,Space Jam
315,"Specialist, The"
2154,How Stella Got Her Groove Back
1285,Heathers
252,I.Q.
3614,Honeymoon in Vegas
1298,Pink Floyd - The Wall
3543,Diner
1003,Extreme Measures
694,"Substitute, The"
3040,Meatballs
2313,"Elephant Man, The"
267,Major Payne
195,Something to Talk About
2247,Married to the Mob
1880,Lawn Dogs
413,Airheads
416,Bad Girls
1888,Hope Floats
276,Milk Money
278,Miami Rhapsody
3056,Oxygen
1381,Grease 2
1457,Fools Rush In
852,Tin Cup
2906,Random Hearts
1021,Angels in the Outfield
350,"Client, The"
424,Blue Chips
3130,Bonfire of the Vanities
2403,First Blood
3206,Against All Odds
3063,Poison Ivy
2261,One Crazy Summer
38,It Takes Two
2262,About Last Night...
1463,That Old Feeling
1390,My Fellow Americans
2266,"Butcher's Wife, The"
2269,Indecent Proposal
1100,Days of Thunder
432,City Slickers II: The Legend of Curly's Gold
2779,Heaven Can Wait
361,It Could Happen to You
2412,Rocky V
1541,Addicted to Love
3219,Pacific Heights
2418,Nothing in Common
3584,Breathless
511,"Program, The"
518,"Road to Wellville, The"
445,Fatal Instinct
2420,"Karate Kid, The"
3152,"Last Picture Show, The"
378,Speechless
1556,Speed 2: Cruise Control
3590,"Lords of Flatbush, The"
450,With Honors
2798,Problem Child
381,When a Man Loves a Woman
455,Free Willy
1703,For Richer or Poorer
3308,"Flamingo Kid, The"
64,Two if by Sea
3098,"Natural, The"
2942,Flashdance
2875,Sommersby
605,One Fine Day
609,Homeward Bound II: Lost in San Francisco
463,Guilty as Sin
1713,Mouse Hunt
1640,How to Be a Player
467,Live Nude Girls
74,Bed of Roses
3248,Sister Act 2: Back in the Habit
2447,Varsity Blues
2950,"Blue Lagoon, The"
3684,"Fabulous Baker Boys, The"
3686,Flatliners
612,"Pallbearer, The"
540,Sliver
3689,Porky's II: The Next Day
471,"Hudsucker Proxy, The"
472,I'll Do Anything
2459,"Texas Chainsaw Massacre, The"
1588,George of the Jungle
118,If Lucy Fell
3690,Porky's Revenge
550,Threesome
3331,My Tutor
3263,White Men Can't Jump
487,Lightning Jack
2463,Ruthless People
94,Beautiful Girls
122,Boomerang
1593,Picture Perfect
3846,Easy Money
491,"Man Without a Face, The"
3274,Single White Female
2473,Soul Man
499,Mr. Wonderful
207,"Walk in the Clouds, A"
135,Down Periscope
1180,Hear My Song
3364,"Asphalt Jungle, The"
2066,Out of the Past
3469,Inherit the Wind
905,It Happened One Night
922,Sunset Blvd. (a.k.a. Sunset Boulevard)
2186,Strangers on a Train
930,Notorious
947,My Man Godfrey
3730,"Conversation, The"
955,Bringing Up Baby
528,"Scout, The"
3683,Blood Simple
1237,"Seventh Seal, The (Sjunde inseglet, Det)"
2550,"Haunting, The"
144,"Brothers McMullen, The"
901,Funny Face
906,Gaslight
3548,Auntie Mame
334,Vanya on 42nd Street
846,Flirt
928,Rebecca
1208,Apocalypse Now
1224,Henry V
3366,Where Eagles Dare
3370,Betrayed
1785,King of New York
3102,Jagged Edge
3062,"Longest Day, The"
3726,Assault on Precinct 13
2363,Godzilla (Gojira)
2944,"Dirty Dozen, The"
3836,Kelly's Heroes
3769,Thunderbolt and Lightfoot
1085,"Old Man and the Sea, The"
3405,"Night to Remember, A"
2534,Avalanche
3197,"Presidio, The"
494,Executive Decision
1176,"Double Life of Veronique, The (La Double Vie de Véronique)"
3943,Bamboozled
3949,Requiem for a Dream
1922,Whatever
3554,Love and Basketball
1041,Secrets & Lies
1657,Wonderland
2544,"School of Flesh, The (L' École de la chair)"
2208,"Lady Vanishes, The"
2065,"Purple Rose of Cairo, The"
3012,Battling Butler
3022,"General, The"
3028,"Taming of the Shrew, The"
1281,"Great Dictator, The"
3462,Modern Times
1937,Going My Way
1297,Real Genius
2747,"Little Shop of Horrors, The"
921,My Favorite Year
3200,"Last Detail, The"
933,To Catch a Thief
3640,"King in New York, A"
1976,Friday the 13th Part 3: 3D
946,To Be or Not to Be
2922,Hang 'em High
2780,"Raven, The"
3088,Harvey
957,"Scarlet Letter, The"
2935,"Lady Eve, The"
2936,Sullivan's Travels
3096,My Man Godfrey
961,Little Lord Fauntleroy
2870,Barefoot in the Park
3244,"Goodbye Girl, The"
1235,Harold and Maude
3341,Born Yesterday
3349,"Perils of Pauline, The"
3429,Creature Comforts
3286,Snow Day
28,Persuasion
3159,Fantasia 2000
3821,Nutty Professor II: The Klumps
3787,Shower (Xizhao)
1680,Sliding Doors
3935,Kronos
1183,"English Patient, The"
3504,Network
2637,"Mummy's Hand, The"
2565,"King and I, The"
154,Belle de jour
1699,"Butcher Boy, The"
2206,Suspicion
1333,"Birds, The"
3018,Re-Animator
3019,Drugstore Cowboy
2071,And the Band Played On
1272,Patton
1348,"Nosferatu (Nosferatu, eine Symphonie des Grauens)"
2650,"Ghost of Frankenstein, The"
2303,Nashville
1295,"Unbearable Lightness of Being, The"
907,"Gay Divorcee, The"
1299,"Killing Fields, The"
3546,What Ever Happened to Baby Jane?
2817,Aces: Iron Eagle III
2674,"Loss of Sexual Innocence, The"
1946,Marty
3110,Country
3111,Places in the Heart
2178,Frenzy
1017,Swiss Family Robinson
3121,"Hitch-Hiker, The"
2183,"Man Who Knew Too Much, The"
927,"Women, The"
3498,Midnight Express
3203,Dead Calm
3204,"Boys from Brazil, The"
1464,Lost Highway
931,Spellbound
2344,Runaway Train
2921,High Plains Drifter
949,East of Eden
3727,Near Dark
2926,Hairspray
3587,Inferno
3733,"Paper Chase, The"
2932,Days of Heaven
2867,Fright Night
3599,Anchors Aweigh
3230,"Odessa File, The"
3167,Carnal Knowledge
3169,"Falcon and the Snowman, The"
2941,South Pacific
1130,"Howling, The"
1061,Sleepers
3681,For a Few Dollars More
3760,"Kentucky Fried Movie, The"
3693,"Toxic Avenger, The"
1152,He Walked by Night
1086,Dial M for Murder
2467,"Name of the Rose, The"
1300,My Life as a Dog (Mitt liv som hund)
3844,Steel Magnolias
1231,"Right Stuff, The"
3340,Bride of the Monster
2612,Mildred Pierce
565,Cronos
3271,Of Mice and Men
2983,"Ipcress File, The"
1835,City of Angels
3387,Who's Harry Crumb?
837,Matilda
1895,Can't Hardly Wait
3712,Soapdish
3597,Whipped
2796,Funny Farm
2432,Stepmom
2379,Police Academy 2: Their First Assignment
2380,Police Academy 3: Back in Training
2382,Police Academy 5: Assignment: Miami Beach
2383,Police Academy 6: City Under Siege
2471,Crocodile Dundee II
1251,8 1/2
2708,"Autumn Tale, An (Conte d'automne)"
1760,Spice World
3365,"Searchers, The"
155,Beyond Rangoon
3871,Shane
803,Walking and Talking
1264,Diva
3512,Return to Me
2575,"Dreamlife of Angels, The (La Vie rêvée des anges)"
1419,Walkabout
824,Kaspar Hauser
2088,Popeye
2732,Jules and Jim (Jules et Jim)
3467,Hud
2238,Seven Beauties (Pasqualino Settebellezze)
2239,Swept Away (Travolti da un insolito destino nell'azzurro mare d'Agosto)
3473,Jonah Who Will Be 25 in the Year 2000
3549,Guys and Dolls
1949,"Man for All Seasons, A"
2171,"Next Stop, Wonderland"
2682,Limbo
3567,Bossa Nova
1964,Klute
3060,"Commitments, The"
2331,Living Out Loud
3061,Holiday Inn
863,Celestial Clockwork
2919,Year of Living Dangerously
3649,American Gigolo
945,Top Hat
3725,American Pop
948,Giant
3091,Kagemusha
965,"39 Steps, The"
3320,Mifune (Mifunes sidste sang)
1078,Bananas
2385,Home Fries
3831,Saving Grace
1081,Victor/Victoria
2969,"Man and a Woman, A (Un Homme et une Femme)"
123,Chungking Express
1162,"Ruling Class, The"
2611,"Winslow Boy, The"
2474,"Color of Money, The"
3852,"Tao of Steve, The"
1172,Cinema Paradiso
3788,Blowup
1827,"Big One, The"
233,Exotica
172,Johnny Mnemonic
178,Love & Human Remains
2155,"Slums of Beverly Hills, The"
2815,Iron Eagle
1875,Clockwatchers
3480,Lucas
2250,Men Don't Leave
3706,Angel Heart
1963,Take the Money and Run
1603,Mimic
2334,"Siege, The"
1395,Tin Men
2774,Better Than Chocolate
507,"Perfect World, A"
3142,U2: Rattle and Hum
1616,"Peacemaker, The"
449,Fear of a Black Hat
1480,Smilla's Sense of Snow
1147,When We Were Kings
3697,Predator 2
3196,Stalag 17
2972,Red Sorghum (Hong Gao Liang)
2540,"Corruptor, The"
3864,Godzilla 2000 (Gojira ni-sen mireniamu)
1977,Friday the 13th: The Final Chapter
1353,"Mirror Has Two Faces, The"
691,Mrs. Winterbourne
2677,Buena Vista Social Club
13,Balto
779,'Til There Was You
1894,Six Days Seven Nights
46,How to Make an American Quilt
1620,Kiss the Girls
92,Mary Reilly
490,Malice
2772,Detroit Rock City
3157,Stuart Little
2027,Mafia!
3519,Force 10 from Navarone
2669,Pork Chop Hill
258,"Kid in King Arthur's Court, A"
2816,Iron Eagle II
2748,Allan Quartermain and the Lost City of Gold
3628,Flying Tigers
3643,"Fighting Seabees, The"
2430,Mighty Joe Young
897,For Whom the Bell Tolls
976,"Farewell to Arms, A"
2524,"Towering Inferno, The"
3406,Captain Horatio Hornblower
2537,Beyond the Poseidon Adventure
3412,"Bear, The"
1658,"Life Less Ordinary, A"
2546,"Deep End of the Ocean, The"
3937,Runaway
1924,Plan 9 from Outer Space
1518,Breakdown
3555,U-571
2681,Free Enterprise
2408,Cocoon: The Return
379,Timecop
3802,Freejack
880,"Island of Dr. Moreau, The"
3807,Sinbad and the Eye of the Tiger
66,Lawnmower Man 2: Beyond Cyberspace
3758,Communion
2520,Airport
2456,"Fly II, The"
1590,Event Horizon
2034,"Black Hole, The"
3780,Rocketship X-M
2986,Robocop 2
3011,"They Shoot Horses, Don't They?"
2097,Something Wicked This Way Comes
3612,"Slipper and the Rose, The"
1952,Midnight Cowboy
2846,"Adventures of Milo and Otis, The"
1983,Halloween II
1984,Halloween III: Season of the Witch
1985,Halloween 4: The Return of Michael Myers
1986,Halloween 5: The Revenge of Michael Myers
891,Halloween: The Curse of Michael Myers
107,Muppet Treasure Island
3251,Agnes of God
2460,"Texas Chainsaw Massacre 2, The"
2461,Leatherface: Texas Chainsaw Massacre III
2462,"Return of the Texas Chainsaw Massacre, The"
3771,"Golden Voyage of Sinbad, The"
2107,Halloween: H20
2110,Dead Men Don't Wear Plaid
1821,"Object of My Affection, The"
3284,They Might Be Giants
140,Up Close and Personal
218,Boys on the Side
3436,Dying Young
2491,Simply Irresistible
2492,20 Dates
2205,Mr. & Mrs. Smith
3873,Cat Ballou
3874,"Couch in New York, A"
1914,Smoke Signals
305,Ready to Wear (Pret-A-Porter)
1414,Mother
1782,Little City
753,"Month by the Lake, A"
2738,Crimes of the Heart
900,"American in Paris, An"
2168,Dance with Me
3540,Passion of Mind
909,"Apartment, The"
697,Feeling Minnesota
3045,Peter's Friends
1014,Pollyanna
2829,"Muse, The"
1018,That Darn Cat!
1453,"Beautician and the Beast, The"
1600,She's So Lovely
355,"Flintstones, The"
35,Carrington
287,Nina Takes a Lover
289,Only You
2339,I'll Be Home For Christmas
1398,In Love and War
937,Love in the Afternoon
2849,Queens Logic
2415,Violets Are Blue...
2417,Heartburn
3076,Irma la Douce
371,"Paper, The"
447,"Favor, The"
2426,"Theory of Flight, The"
2356,Celebrity
1632,"Smile Like Yours, A"
2292,Overnight Delivery
3814,Love and Death
2443,Playing by Heart
469,"House of the Spirits, The"
1571,When the Cats Away (Chacun cherche son chat)
2884,Dog Park
1226,"Quiet Man, The"
1083,"Great Race, The"
489,Made in America
2468,Jumpin' Jack Flash
1666,Hugo Pool
2037,Candleshoe
633,Denise Calls Up
492,Manhattan Murder Mystery
566,Naked in New York
205,Unstrung Heroes
1677,Critical Care
3280,"Baby, The"
3939,"Slumber Party Massacre II, The"
847,"Big Squeeze, The"
1969,"Nightmare on Elm Street Part 2: Freddy's Revenge, A"
1102,American Strays
1970,"Nightmare on Elm Street 3: Dream Warriors, A"
1971,"Nightmare on Elm Street 4: The Dream Master, A"
1972,"Nightmare on Elm Street 5: The Dream Child, A"
1973,Freddy's Dead: The Final Nightmare
1975,Friday the 13th Part 2
1978,Friday the 13th Part V: A New Beginning
1979,Friday the 13th Part VI: Jason Lives
366,Wes Craven's New Nightmare
1980,Friday the 13th Part VII: The New Blood
1981,Friday the 13th Part VIII: Jason Takes Manhattan
3677,Baraka
2523,Rollercoaster
575,"Little Rascals, The"
2050,Herbie Goes Bananas
599,"Wild Bunch, The"
2152,Air Bud: Golden Receiver
1359,Jingle All the Way
829,Joe's Apartment
835,Foxfire
836,Chain Reaction
1526,Fathers' Day
1459,Absolute Power
2401,Pale Rider
1602,Leave It to Beaver
1474,Jungle2Jungle (a.k.a. Jungle 2 Jungle)
3404,Titanic
2531,Battle for the Planet of the Apes
2532,Conquest of the Planet of the Apes
991,Michael Collins
996,Last Man Standing
1752,Hard Rain
1762,Deep Rising
239,"Goofy Movie, A"
170,Hackers
1931,Mutiny on the Bounty
1797,Everest
3615,Dinosaur
1944,From Here to Eternity
3477,Empire Records
336,"Walking Dead, The"
15,Cutthroat Island
19,Ace Ventura: When Nature Calls
1010,"Love Bug, The"
1011,Herbie Rides Again
3483,"Road to El Dorado, The"
2827,"Astronaut's Wife, The"
410,Addams Family Values
346,Backbeat
419,"Beverly Hillbillies, The"
423,Blown Away
280,Murder in the First
360,I Love Trouble
2857,Yellow Submarine
513,Radioland Murders
514,"Ref, The"
516,Renaissance Man
374,Richie Rich
54,"Big Green, The"
376,"River Wild, The"
453,For Love or Money
533,"Shadow, The"
534,Shadowlands
2016,"Apple Dumpling Gang Rides Again, The"
2965,"Omega Code, The"
486,Life with Mikey
3926,Voyage to the Bottom of the Sea
159,Clockers
1054,Get on the Bus
89,Nick of Time
3861,"Replacements, The"
3509,Black and White
3390,Shanghai Surprise
3616,Loser
23,Assassins
2007,Polish Wedding
1337,"Body Snatcher, The"
2500,Jawbreaker
3617,Road Trip
3553,Gossip
886,Bulletproof
93,Vampire in Brooklyn
1177,Enchanted April
571,"Wedding Gift, The"
718,"Visitors, The (Les Visiteurs)"
2120,Needful Things
1184,Mediterraneo
580,Princess Caraboo
1190,Tie Me Up! Tie Me Down!
735,Cemetery Man (Dellamorte Dellamore)
1342,Candyman
1417,"Portrait of a Lady, The"
1352,Albino Alligator
1280,Raise the Red Lantern
2232,Cube
2162,"NeverEnding Story II: The Next Chapter, The"
2165,Your Friends and Neighbors
1290,Some Kind of Wonderful
1365,Ridicule
766,I Shot Andy Warhol
2315,Bride of Chucky
1522,Ripe
2328,Vampires
2264,We're No Angels
3067,Women on the Verge of a Nervous Breakdown
1609,187
1611,My Own Private Idaho
3078,Liberty Heights
2349,Mona Lisa
1623,Wishmaster
1627,U Turn
1483,Crash
950,"Thin Man, The"
3307,City Lights
3092,Chushingura
893,Mother Night
2517,Christine
100,City Hall
3179,Angela's Ashes
1648,"House of Yes, The"
3326,What Planet Are You From?
1726,"Postman, The"
2606,Idle Hands
126,"NeverEnding Story III, The"
3342,Birdy
1816,Two Girls and a Guy
3285,"Beach, The"
1686,Red Corner
148,"Awfully Big Adventure, An"
3437,Cool as Ice
1769,"Replacement Killers, The"
1913,Picnic at Hanging Rock
1848,"Borrowers, The"
307,Three Colors: Blue
309,"Red Firecracker, Green Firecracker"
242,Farinelli: il castrato
177,Lord of Illusions
3605,King Creole
3464,Solar Crisis
1861,Junk Mail
3393,Date with an Angel
322,Swimming with Sharks
326,To Live (Huozhe)
184,Nadja
259,Kiss of Death
188,"Prophecy, The"
3478,"Bamba, La"
190,Safe
193,Showgirls
18,Four Rooms
268,Little Odessa
3620,"Myth of Fingerprints, The"
3550,"Hunger, The"
2750,Radio Days
1950,In the Heat of the Night
3557,Jennifer 8
341,Double Happiness
415,Another Stakeout
22,Copycat
427,Boxing Helena
281,Nobody's Fool
358,Higher Learning
3571,Time Code
436,Color of Night
290,Once Were Warriors
365,Little Buddha
2851,Saturn 3
2781,"Tingler, The"
2787,Cat's Eye
519,Robocop 3
448,Fearless
55,Georgia
1051,Trees Lounge
2793,"American Werewolf in Paris, An"
522,Romper Stomper
382,Wolf
456,Fresh
3747,Jesus' Son
1211,Wings of Desire (Der Himmel über Berlin)
2956,Someone to Watch Over Me
611,Hellraiser: Bloodline
617,"Flower of My Secret, The (La Flor de Mi Secreto)"
3764,F/X 2
482,Killing Zoe
3918,Hellbound: Hellraiser II
3919,Hellraiser III: Hell on Earth
1305,"Paris, Texas"
2038,"Cat from Outer Space, The"
561,Killer (Bulletproof Heart)
2112,Grand Canyon
2114,"Outsiders, The"
1173,"Cook the Thief His Wife & Her Lover, The"
3049,How I Won the War
3217,"Star Is Born, A"
2788,And Now for Something Completely Different
3672,Benji
2786,Haunted Honeymoon
3794,Chuck & Buck
3797,"In Crowd, The"
2310,"Mighty, The"
3820,Thomas and the Magic Railroad
3694,"Toxic Avenger, Part II, The"
1228,Raging Bull
2057,"Incredible Journey, The"
3024,Piranha
695,True Crime
2184,"Trouble with Harry, The"
2364,Godzilla (Gojira)
2365,King Kong vs. Godzilla (Kingukongu tai Gojira)
3328,Ghost Dog: The Way of the Samurai
2615,My Science Project
1862,Species II
2744,Otello
3663,Puppet Master 4
3664,Puppet Master 5: The Final Chapter
392,"Secret Adventures of Tom Thumb, The"
2891,"Happy, Texas"
3923,Return of the Fly
1311,Santa with Muscles
2147,"Clan of the Cave Bear, The"
1421,Grateful Dead
3201,Five Easy Pieces
3134,"Grand Illusion (Grande illusion, La)"
3224,Woman in the Dunes (Suna no onna)
3089,"Bicycle Thief, The (Ladri di biciclette)"
959,Of Human Bondage
978,"Blue Angel, The (Blaue Engel, Der)"
3185,Snow Falling on Cedars
3414,Love Is a Many-Splendored Thing
3350,"Raisin in the Sun, A"
314,"Secret of Roan Inish, The"
1935,How Green Was My Valley
3545,Cabaret
2670,"Run Silent, Run Deep"
1951,Oliver!
3655,Blow-Out (La Grande Bouffe)
3808,Two Women (La Ciociara)
3811,Breaker Morant
3742,"Battleship Potemkin, The (Bronenosets Potyomkin)"
3816,"Official Story, The (La Historia Oficial)"
1066,Shall We Dance?
615,Bread and Chocolate (Pane e cioccolata)
3910,Dancer in the Dark
1241,Braindead
113,Before and After
1731,Mr. Magoo
2583,Cookie's Fortune
3882,Bring It On
3238,Eye of the Beholder
3316,Reindeer Games
3190,Supernova
3511,Ready to Rumble
3564,"Flintstones in Viva Rock Vegas, The"
3743,Boys and Girls
3908,Urban Legends: Final Cut
3784,"Kid, The"
3789,"Pawnbroker, The"
2130,Atlantic City
1401,Ghosts of Mississippi
806,American Buffalo
2069,"Trip to Bountiful, The"
664,Faithful
2212,"Man Who Knew Too Much, The"
3015,Coma
2079,Kidnapped
3103,Stanley & Iris
3109,"River, The"
1432,Metro
1363,"Preacher's Wife, The"
1366,"Crucible, The"
2177,Family Plot
848,"Spitfire Grill, The"
1450,Prisoner of the Mountains (Kavkazsky Plennik)
782,"Fan, The"
929,Foreign Correspondent
2341,Dancing at Lughnasa
1477,Love Jones
1629,"MatchMaker, The"
956,Penny Serenade
2435,Hurlyburly
2290,Stardust Memories
960,Angel on My Shoulder
3317,Wonder Boys
974,Algiers
1727,"Horse Whisperer, The"
2457,Running Scared
3330,Splendor in the Grass
2472,Tough Guys
132,Jade
3430,Death Wish
225,Disclosure
3518,"End of Violence, The"
3529,"Postman Always Rings Twice, The"
2729,Lolita
3602,G. I. Blues
1934,You Can't Take It With You
1938,"Lost Weekend, The"
254,Jefferson in Paris
182,Moonlight and Valentino
3613,Things Change
2819,Three Days of the Condor
2820,Hamlet
2755,Light of Day
418,Being Human
279,My Family
437,Cops and Robbersons
3724,Coming Home
3729,Shaft
1050,Looking for Richard
3738,"Sugarland Express, The"
2939,Niagara
451,Flesh and Bone
2940,Gilda
1209,Once Upon a Time in the West
78,"Crossing Guard, The"
79,"Juror, The"
82,Antonia's Line (Antonia)
1082,"Candidate, The"
3841,Air America
1161,"Tin Drum, The (Blechtrommel, Die)"
630,Carried Away
1099,"Christmas Carol, A"
3929,"Bank Dick, The"
640,Diabolique
3007,American Movie
3115,Flawless
2505,8MM
1707,Home Alone 3
166,"Doom Generation, The"
2596,SLC Punk!
2672,"Thirteenth Floor, The"
2678,Desert Blue
1416,Evita
2913,"Mating Habits of the Earthbound Human, The"
9,Sudden Death
2803,"Pelican Brief, The"
1919,Madeline
637,Sgt. Bilko
973,Meet John Doe
1939,"Best Years of Our Lives, The"
2929,Reds
3112,'Night Mother
3069,"Effect of Gamma Rays on Man-in-the-Moon Marigolds, The"
1926,"Broadway Melody, The"
2690,"Ideal Husband, An"
2434,Down in the Delta
2439,Affliction
1904,Henry Fool
40,"Cry, the Beloved Country"
2995,"House on Haunted Hill, The"
43,Restoration
2979,Body Shots
1187,Passion Fish
3124,Agnes Browne
8,Tom and Huck
692,Solo
2170,Wrongfully Accused
2196,Knock Off
2448,Virus
990,Maximum Risk
2625,Black Mask (Hak hap)
3444,Bloodsport
240,Hideaway
1858,Mr. Nice Guy
1004,"Glimmer Man, The"
2879,Operation Condor (Feiying gaiwak)
464,Hard Target
3767,Missing in Action 2: The Beginning
3768,Braddock: Missing in Action III
704,"Quest, The"
869,Kansas City
2357,Central Station (Central do Brasil)
577,Andre
801,Harriet the Spy
2092,"Return of Jafar, The"
3054,Pokémon: The First Movie
1460,That Darn Cat!
1551,Buddy
2354,"Rugrats Movie, The"
1489,Cats Don't Dance
885,Bogus
1495,Turbo: A Power Rangers Movie
1582,Wild America
3400,We're Back! A Dinosaur's Story
1592,Air Bud
2559,"King and I, The"
146,"Amazing Panda Adventure, The"
238,Far From Home: The Adventures of Yellow Dog
169,Free Willy 2: The Adventure Home
181,Mighty Morphin Power Rangers: The Movie
502,"Next Karate Kid, The"
362,"Jungle Book, The"
87,Dunston Checks In
2899,Gulliver's Travels
558,"Pagemaster, The"
700,Angus
2036,Blank Check
631,All Dogs Go to Heaven 2
634,Theodore Rex
709,Oliver & Company
711,Flipper
3946,Get Carter
3898,Bait
3710,Action Jackson
536,"Simple Twist of Fate, A"
3783,Croupier
2771,Brokedown Palace
1131,Jean de Florette
3282,Different for Girls
2499,God Said 'Ha!'
156,Blue in the Face
3606,On the Town
1871,"Friend of the Deceased, A"
417,Barcelona
1024,"Three Caballeros, The"
298,Pushing Hands
72,Kicking and Screaming
84,Last Summer in the Hamptons
2971,All That Jazz
568,Bhaji on the Beach
2873,Lulu on the Bridge
2024,"Rapture, The"
1178,Paths of Glory
1260,M
3093,McCabe & Mrs. Miller
2924,Drunken Master (Zui quan)
69,Friday
2519,House on Haunted Hill
2861,For Love of the Game
941,"Mark of Zorro, The"
3324,Drowning Mona
3299,Hanging Up
3825,Coyote Ugly
3914,"Broken Hearts Club, The"
3859,"Eyes of Tammy Faye, The"
754,Gold Diggers: The Secret of Bear Mountain
3118,Tumbleweeds
583,Dear Diary (Caro Diario)
2157,"Chambermaid on the Titanic, The"
826,Diebinnen
2347,"Pope of Greenwich Village, The"
3384,"Taking of Pelham One Two Three, The"
438,"Cowboy Way, The"
1112,Palookaville
390,Faster Pussycat! Kill! Kill!
2927,Brief Encounter
2060,BASEketball
1437,"Cement Garden, The"
2190,Why Do Fools Fall In Love?
3141,"Two Jakes, The"
2279,Urban Legend
993,Infinity
2582,Twin Dragons (Shuang long hui)
12,Dracula: Dead and Loving It
294,"Perez Family, The"
373,Red Rock West
63,Don't Be a Menace to South Central While Drinking Your Juice in the Hood
2880,Operation Condor 2 (Longxiong hudi)
477,What's Love Got to Do with It?
2073,Fandango
1238,Local Hero
810,Kazaam
3895,"Watcher, The"
2084,Newsies
2169,Dead Man on Campus
1605,Excess Baggage
3225,Down to You
1595,Free Willy 3: The Rescue
1750,Star Kid
2566,Doug's 1st Movie
3515,Me Myself I
2714,"Wood, The"
3453,Here on Earth
3454,Whatever It Takes
1881,Quest for Camelot
2876,Thumbelina
3824,Autumn in New York
2102,Steamboat Willie
3776,Melody Time
2978,Three to Tango
2048,"Great Mouse Detective, The"
667,Bloodsport 2
1599,Steel
2476,Heartbreak Ridge
204,Under Siege 2: Dark Territory
1681,Mortal Kombat: Annihilation
2818,Iron Eagle IV
3933,"Killer Shrews, The"
1349,Nosferatu a Venezia
3837,Phantasm II
1542,Brassed Off
2203,Shadow of a Doubt
3870,Our Town
2204,Saboteur
2210,Sabotage
1507,Paradise Road
936,Ninotchka
944,Lost Horizon
1596,Career Girls
1929,Grand Hotel
1936,Mrs. Miniver
1940,Gentleman's Agreement
2904,Rain
3736,"Big Carnival, The"
2937,"Palm Beach Story, The"
1824,Homegrown
2938,Man Facing Southeast (Hombre Mirando al Sudeste)
3901,Duets
2535,Earthquake
3936,"Phantom of the Opera, The"
71,Fair Game
3791,Footloose
3872,"Suddenly, Last Summer"
851,Basquiat
3177,Next Friday
3357,East-West (Est-ouest)
1755,Shooting Fish
3580,Up at the Villa
2877,Tommy
3754,"Adventures of Rocky and Bullwinkle, The"
3915,Girlfight
2285,If....
998,Set It Off
3029,Nighthawks
1515,Volcano
2181,Marnie
1661,Switchback
1925,Wings
1942,All the King's Men
1167,Dear God
3938,"Slumber Party Massacre, The"
3913,Barenaked in America
3925,Stranger Than Paradise
2098,Son of Flubber
2231,Rounders
2280,Clay Pigeons
1860,Character (Karakter)
1325,Amityville: A New Generation
2182,"Wrong Man, The"
3883,Catfish in Black Bean Sauce
3327,Beyond the Mat
2099,Song of the South
3537,Where the Money Is
1995,Poltergeist II: The Other Side
2121,Cujo
1322,Amityville 1992: It's About Time
1326,Amityville II: The Possession
1328,"Amityville Curse, The"
1329,Blood For Dracula (Andy Warhol's Dracula)
3941,Sorority House Massacre
3942,Sorority House Massacre II
3013,Bride of Re-Animator
2327,Tales from the Darkside: The Movie
3138,Stealing Home
2368,King Kong Lives
2515,Children of the Corn II: The Final Sacrifice
2451,"Gate, The"
2525,Alligator
3403,Raise the Titanic
2634,"Mummy, The"
2635,"Mummy's Curse, The"
2645,Dracula
2652,"Curse of Frankenstein, The"
2736,Brighton Beach Memoirs
2665,Earth Vs. the Flying Saucers
324,"Sum of Us, The"
251,"Hunted, The"
328,Tales From the Crypt Presents: Demon Knight
332,Village of the Damned
407,In the Mouth of Madness
273,Mary Shelley's Frankenstein
3491,My Chauffeur
3659,Quatermass II
1987,Prom Night
1988,Hello Mary Lou: Prom Night II
3806,MacKenna's Gold
1992,Child's Play 2
1128,"Fog, The"
1993,Child's Play 3
1996,Poltergeist III
1999,"Exorcist III, The"
2878,Hell Night
606,Candyman: Farewell to the Flesh
2026,Disturbing Behavior
3840,Pumpkinhead
3843,Sleepaway Camp
2104,Tex
3921,Beach Party
2113,Graveyard Shift
892,Twelfth Night
241,Fluke
3538,East is East
3934,Kronos
742,Thinner
3792,Duel in the Sun
3001,"Suburbans, The"
3014,Bustin' Loose
1355,Nightwatch
687,Country Life
2242,"Grandview, U.S.A."
1389,Jaws 3-D
2260,Wisdom
2267,Mortal Thoughts
3211,"Cry in the Dark, A"
2343,"Naked Man, The"
875,Nothing to Lose
3304,Blue Collar
2518,Night Shift
101,Bottle Rocket
2381,Police Academy 4: Citizens on Patrol
1807,"Cool Dry Place, A"
2551,Dead Ringers
1841,"Gingerbread Man, The"
3389,Let's Get Harry
3465,That's Life!
2741,No Mercy
2745,"Mission, The"
2749,"Morning After, The"
20,Money Train
1890,Little Boy Blue
3497,Max Dugan Returns
2928,"Razor's Edge, The"
2866,"Buddy Holly Story, The"
458,Geronimo: An American Legend
387,"Low Down Dirty Shame, A"
603,"Bye Bye, Love"
544,Striking Distance
3766,Missing in Action
3849,"Spiral Staircase, The"
3125,"End of the Affair, The"
1415,"Thieves (Voleurs, Les)"
171,Jeffrey
1879,"Hanging Garden, The"
1063,Johns
715,"Horseman on the Roof, The (Hussard sur le toit, Le)"
3865,"Original Kings of Comedy, The"
3795,"Five Senses, The"
3150,"War Zone, The"
2284,Bandit Queen
2561,True Crime
1889,Insomnia
2769,"Yards, The"
3720,Sunshine
3822,"Girl on the Bridge, The (La Fille sur le Pont)"
3756,"Golden Bowl, The"
3857,Bless the Child
3132,Daddy Long Legs
3073,"Sandpiper, The"
3154,Blood on the Sun
3311,"Man from Laramie, The"
1404,Night Falls on Manhattan
1439,Meet Wally Sparks
1472,City of Industry
1647,Playing God
1662,Gang Related
1053,Normal Life
384,Bad Company
2458,Armed and Dangerous
2654,"Wolf Man, The"
1855,Krippendorf's Tribe
645,Nelly & Monsieur Arnaud
574,Spanking the Monkey
649,Cold Fever (Á köldum klaka)
665,Underground
668,Pather Panchali
1354,Breaking the Waves
781,Stealing Beauty
1543,"Designated Mourner, The"
117,"Young Poisoner's Handbook, The"
2609,"King of Masks, The (Bian Lian)"
3416,"Trial, The (Le Procès)"
211,"Browning Version, The"
147,"Basketball Diaries, The"
1900,"Children of Heaven, The (Bacheha-Ye Aseman)"
306,Three Colors: Red
1859,Taste of Cherry
406,Federal Hill
2696,"Dinner Game, The (Le Dîner de cons)"
2697,My Son the Fanatic
2925,"Conformist, The (Il Conformista)"
3819,Tampopo
3746,Butterfly (La Lengua de las Mariposas)
535,Short Cuts
627,"Last Supper, The"
97,"Hate (Haine, La)"
2361,Pink Flamingos
3064,Poison Ivy: New Seduction
129,Pie in the Sky
1670,Welcome To Sarajevo
3579,I Dreamed of Africa
3884,"Crew, The"
3719,Love's Labour's Lost
512,Robert A. Heinlein's The Puppet Masters
548,Terminal Velocity
1289,Koyaanisqatsi
1454,SubUrbia
793,My Life and Times With Antonin Artaud (En compagnie d'Antonin Artaud)
3094,Maurice
1780,Ayn Rand: A Sense of Life
1856,Kurt & Courtney
1932,"Great Ziegfeld, The"
3392,She-Devil
3395,Nadine
1111,Microcosmos (Microcosmos: Le peuple de l'herbe)
3813,Interiors
549,Thirty-Two Short Films About Glenn Gould
2998,Dreaming of Joseph Lees
2360,"Celebration, The (Festen)"
213,Burnt By the Sun (Utomlyonnye solntsem)
206,Unzipped
2495,"Fantastic Planet, The (La Planète sauvage)"
3539,"Filth and the Fury, The"
3627,Carnival of Souls
3679,"Decline of Western Civilization, The"
1941,Hamlet
3801,Anatomy of a Murder
3135,"Great Santini, The"
935,"Band Wagon, The"
3292,"Big Combo, The"
3371,Bound for Glory
2570,"Walk on the Moon, A"
2801,Oscar and Lucinda (a.k.a. Oscar & Lucinda)
2862,Caligula
3834,Bronco Billy
3853,"Tic Code, The"
3855,"Affair of Love, An (Une Liaison Pornographique)"
1194,Up in Smoke
760,Stalingrad
1667,Mad City
808,Alaska
2086,One Magic Christmas
2240,My Bodyguard
1445,McHale's Navy
3214,American Flyers
870,Gone Fishin'
2626,Edge of Seventeen
3431,Death Wish II
3432,Death Wish 3
3433,Death Wish 4: The Crackdown
3434,Death Wish V: The Face of Death
2494,"Last Days, The"
227,Drop Zone
3385,Volunteers
3394,Blind Date
1008,"Davy Crockett, King of the Wild Frontier"
408,8 Seconds
338,Virtuosity
426,Body Snatchers
3585,"Great Locomotive Chase, The"
460,Getting Even with Dad
3117,Ride with the Devil
1516,Children of the Revolution
3055,Felicia's Journey
787,"Gate of Heavenly Peace, The"
3077,42 Up
3192,"Terrorist, The (Malli)"
3272,Bad Lieutenant
3275,"Boondock Saints, The"
2621,Xiu Xiu: The Sent-Down Girl (Tian yu)
1910,I Went Down
308,Three Colors: White
2730,Barry Lyndon
320,Suture
2594,Open Your Eyes (Abre los ojos)
2812,In Too Deep
3625,Better Living Through Circuitry
3718,American Pimp
363,"Wonderful, Horrible Life of Leni Riefenstahl, The (Die Macht der Bilder)"
2859,Stop Making Sense
1123,"Perfect Candidate, A"
1055,Shadow Conspiracy
1202,Withnail and I
391,Jason's Lyric
3903,Urbania
3906,Under Suspicion
3858,Cecil B. Demented
759,Maya Lin: A Strong Clear Vision
3860,"Opportunists, The"
3950,Tigerland
1502,Kissed
1539,Twin Town
1612,"Kiss Me, Guido"
3302,Beautiful People
1564,Roseanna's Grave (For Roseanna)
987,Bliss
2482,Still Crazy
1767,Music From Another Room
179,Mad Love
1896,Cousin Bette
3581,Human Traffic
3598,Hamlet
68,French Twist (Gazon maudit)
3749,Time Regained (Le Temps Retrouvé)
3823,Wonderland
2962,Fever Pitch
1236,Trust
638,Jack and Sarah
325,National Lampoon's Senior Trip
274,Man of the House
1581,Out to Sea
3415,"Mirror, The (Zerkalo)"
3470,Dersu Uzala
1273,Down by Law
2255,Young Doctors in Love
2295,"Impostors, The"
3199,Pal Joey
209,White Man's Burden
271,Losing Isaiah
2905,Sanjuro
352,Crooklyn
2977,Crazy in Alabama
564,Chasers
639,Girl 6
1812,Wide Awake
1998,Exorcist II: The Heretic
2988,Melvin and Howard
2068,Fanny and Alexander
670,"World of Apu, The (Apur Sansar)"
1361,Paradise Lost: The Child Murders at Robin Hood Hills
2330,Hands on a Hard Body
214,Before the Rain (Pred dozhdot)
523,Ruby in Paradise
602,"Great Day in Harlem, A"
83,Once Upon a Time... When We Were Colored
2022,"Last Temptation of Christ, The"
809,Fled
1456,"Pest, The"
1604,Money Talks
1465,Rosewood
1473,Best Men
1475,Kama Sutra: A Tale of Love
1497,Double Team
2514,Pet Sematary II
2516,Children of the Corn III
1744,Firestorm
2548,"Rage: Carrie 2, The"
1902,Dream for an Insomniac
152,"Addiction, The"
1771,Night Flier
1866,"Big Hit, The"
2597,Lost & Found
1869,Black Dog
3709,Sleepwalkers
2835,Chill Factor
1119,Drunks
479,Judgment Night
2898,"Dark Half, The"
98,Shopping
2974,Bats
3782,Shaft's Big Score!
2996,Music of the Heart
1255,Bad Taste
3520,How to Stuff a Wild Bikini
2656,Tarantula
2666,It Conquered the World
3592,Time Masters (Les Maîtres du Temps)
2035,Blackbeard's Ghost
3922,Bikini Beach
3924,Pajama Party
831,Stonewall
1613,Star Maps
2504,200 Cigarettes
2513,Pet Sematary
984,"Pompatus of Love, The"
3401,Baby... Secret of the Lost Legend
3262,Twin Peaks: Fire Walk with Me
3673,Benji the Hunted
3674,For the Love of Benji
201,Three Wishes
876,Police Story 4: Project S (Chao ji ji hua)
2372,Fletch Lives
3329,"Year My Voice Broke, The"
1728,"Winter Guest, The"
1928,Cimarron
2587,Life
1930,Cavalcade
1933,"Life of Émile Zola, The"
255,"Jerky Boys, The"
1943,"Greatest Show on Earth, The"
3475,"Place in the Sun, A"
1169,American Dream
3002,My Best Fiend (Mein liebster Feind)
669,Aparajito
3010,Rosetta
3951,Two Family House
1413,"Whole Wide World, The"
3885,Love & Sex
680,Alphaville
3038,"Face in the Crowd, A"
3047,Experience Preferred... But Not Essential
2180,Torn Curtain
854,"Ballad of Narayama, The (Narayama Bushiko)"
3075,Repulsion
2351,Nights of Cabiria (Le Notti di Cabiria)
3235,Where the Buffalo Roam
1631,"Assignment, The"
3090,Matewan
3241,"Cup, The (Phörpa)"
2512,"Ballad of Narayama, The (Narayama Bushiko)"
2440,Another Day in Paradise
1572,Contempt (Le Mépris)
970,Beat the Devil
3188,"Life and Times of Hank Greenberg, The"
2488,Peeping Tom
2630,Besieged (L' Assedio)
3379,On the Beach
2579,Following
3456,"Color of Paradise, The (Rang-e Khoda)"
2659,It Came from Hollywood
183,Mute Witness
3547,Prick Up Your Ears
2824,On the Ropes
3559,Limelight
2689,Get Bruce
2830,Cabaret Balkan (Bure Baruta)
3568,Smiling Fish and Goat on Fire
3731,Cutter's Way
2864,Splendor
1132,Manon of the Spring (Manon des sources)
1068,Crossfire
3680,"Decline of Western Civilization Part II: The Metal Years, The"
99,Heidi Fleiss: Hollywood Madam
2970,Fitzcarraldo
1232,Stalker
3127,Holy Smoke
2271,Permanent Midnight
3281,"Brandon Teena Story, The"
2590,Hideous Kinky
1044,Surviving Picasso
3041,Meatballs Part II
3391,Who's That Girl?
3715,Burglar
3144,"Glass Bottom Boat, The"
1825,"Player's Club, The"
31,Dangerous Minds
1323,Amityville 3-D
2475,52 Pick-Up
3449,"Good Mother, The"
2552,My Boyfriend's Back
573,"Ciao, Professore! (Io speriamo che me la cavo )"
2994,"City, The"
3008,Last Night
685,It's My Party
3128,"Map of the World, A"
1397,Bastard Out of Carolina
1399,Marvin's Room
2276,"Soldier's Daughter Never Cries, A"
1547,Shiloh
1482,"Van, The"
1725,"Education of Little Tree, The"
988,Grace of My Heart
2610,Three Seasons
1811,"Niagara, Niagara"
2479,Gloria
2493,"Harmonists, The"
2711,My Life So Far
301,Picture Bride
2679,Finding North
3711,Sarafina!
369,Mrs. Parker and the Vicious Circle
57,Home for the Holidays
388,Boys Life
613,Jane Eyre
2963,Joe the King
621,My Favorite Season
483,King of the Hill
3839,Phantasm IV: Oblivion
409,Above the Rim
1062,"Sunchaser, The"
3886,Steal This Movie!
761,"Phantom, The"
1626,Fire Down Below
2614,Chopping Mall (a.k.a. Killbots)
504,No Escape
3810,White Sands
547,Surviving the Game
2894,Romance
776,Babyfever
137,Man of the Year
3909,Woman on Top
747,"Stupids, The"
717,Mouth to Mouth (Boca a boca)
3867,All the Rage (a.k.a. It's the Rage)
3796,"Wisdom of Crocodiles, The (a.k.a. Immortality)"
725,"Great White Hype, The"
3031,Repossessed
2305,Slam
1503,8 Heads in a Duffel Bag
767,"Grass Harp, The"
774,Wend Kuuni (God's Gift)
2425,"General, The"
3158,"Emperor and the Assassin, The (Jing ke ci qin wang)"
3245,I Am Cuba (Soy Cuba/Ya Kuba)
3181,Titus
2602,Mighty Peking Man (Hsing hsing wang)
1741,"Midaq Alley (Callejón de los milagros, El)"
2624,After Life
2483,"Day of the Beast, The (El Día de la bestia)"
1844,Live Flesh
3459,Gothic
2585,"Lovers of the Arctic Circle, The (Los Amantes del Círculo Polar)"
3532,Freedom for Us (À nous la liberté )
1867,Tarzan and the Lost City
1795,"Callejón de los milagros, El"
1796,In God's Hands
1891,"Ugly, The"
2768,Stiff Upper Lips
2844,"Minus Man, The"
1105,Children of the Corn IV: The Gathering
1058,Bitter Sugar (Azucar Amargo)
525,"Saint of Fort Washington, The"
67,Two Bits
80,"White Balloon, The (Badkonake Sefid )"
3902,Goya in Bordeaux (Goya en Bodeos)
488,M. Butterfly
632,Land and Freedom (Tierra y libertad)
635,"Family Thing, A"
495,In the Realm of the Senses (Ai no corrida)
1646,Rocket Man
1550,Trial and Error
2445,At First Sight
27,Now and Then
295,"Pyromaniac's Love Story, A"
3761,"Blood In, Blood Out (a.k.a. Bound by Honor)"
3162,Simpatico
1874,Still Breathing
2865,Sugar Town
1346,Cat People
3180,Play it to the Bone
1746,Senseless
2651,Frankenstein Meets the Wolf Man
1854,Kissing a Fool
174,Jury Duty
191,"Scarlet Letter, The"
414,"Air Up There, The"
354,Cobb
430,Calendar Girl
433,Clean Slate
2889,"Mystery, Alaska"
710,Celtic Pride
1642,Indian Summer (a.k.a. Alive & Kicking)
2589,Friends & Lovers
2695,"Boys, The"
3945,Digimon: The Movie
2307,One Tough Cop
3165,Boiling Point
3653,"Endless Summer, The"
2129,"Saltmen of Tibet, The"
3947,Get Carter
149,Amateur
3149,Diamonds
2785,Tales of Terror
1427,Turbulence
917,"Little Princess, The"
1523,"Truth or Consequences, N.M."
1531,Losing Chase
2999,Man of the Century
1410,"Evening Star, The"
2809,Love Stinks
1317,I'm Not Rappaport
2051,Herbie Goes to Monte Carlo
2151,"Gods Must Be Crazy II, The"
3042,Meatballs III
3043,Meatballs 4
3048,Under the Rainbow
2345,Desert Bloom
2286,"Fiendish Plot of Dr. Fu Manchu, The"
3161,Onegin
964,Angel and the Badman
102,Mr. Wrong
119,"Steal Big, Steal Little"
131,Frankie Starlight
3427,Coogan's Bluff
1839,My Giant
1857,"Real Blonde, The"
1863,Major League: Back to the Minors
3622,"Twelve Chairs, The"
2685,"Red Dwarf, The (Le Nain rouge)"
3496,Madame Sousatzka
505,North
444,Even Cowgirls Get the Blues
3804,H.O.T.S.
537,Sirens
3695,"Toxic Avenger Part III: The Last Temptation of Toxie, The"
2031,"$1,000,000 Duck"
2032,"Barefoot Executive, The"
2900,Monkey Shines
1484,"Daytrippers, The"
1076,"Innocents, The"
570,"Slingshot, The (Kådisbellan )"
662,Fear
1533,"Promise, The (La Promesse)"
1471,Boys Life 2
877,Girls Town
3187,Trans
1585,Love Serenade
1664,Nénette et Boni
3343,And God Created Woman
263,Ladybird Ladybird
3562,Committed
3716,Fatal Beauty
1114,"Funeral, The"
1150,"Return of Martin Guerre, The (Retour de Martin Guerre, Le)"
2964,Julien Donkey-Boy
2062,"Governess, The"
3050,Light It Up
2569,Among Giants
3563,"Crow: Salvation, The"
2839,West Beirut (West Beyrouth)
3851,I'm the One That I Want
2075,Mephisto
3544,Shakes the Clown
811,"Bewegte Mann, Der"
751,Careful
1508,Traveller
3221,"Draughtsman's Contract, The"
958,Lady of Burlesque
128,Jupiter's Wife
3577,Two Moon Juction
2008,"This World, Then the Fireworks"
77,Nico Icon
3830,Psycho Beach Party
2897,And the Ship Sails On (E la nave va)
3854,Aimée & Jaguar
250,Heavyweights
1423,Hearts and Minds
844,"Story of Xinghua, The"
3215,Voyage of the Damned
3222,Carmen
3171,Room at the Top
3714,Clara's Heart
3586,"Idolmaker, The"
3734,Prince of the City
2704,"Lovers on the Bridge, The (Les Amants du Pont-Neuf)"
1382,Marked for Death
3139,Tarzan the Fearless
2477,Firewalker
3367,"Devil's Brigade, The"
2655,Howling II: Your Sister Is a Werewolf
3487,"Dorado, El"
2902,Psycho II
3732,"Fury, The"
210,Wild Bill
2627,Endurance
3667,Rent-A-Cop
1870,"Dancer, Texas Pop. 81"
2751,From the Hip
1134,Johnny 100 Pesos
3765,"Hot Spot, The"
3572,Carnosaur
2799,Problem Child 2
619,Ed
2848,Othello
1598,Desperate Measures
3931,"Giant Gila Monster, The"
2992,Rawhead Rex
1330,April Fool's Day
1335,Blood Beach
3021,"Funhouse, The"
841,Eyes Without a Face
3058,"Ape, The"
3351,Two Thousand Maniacs!
2636,"Mummy's Ghost, The"
2740,"Kindred, The"
3488,"Hideous Sun Demon, The"
2903,Psycho III
3573,Carnosaur 2
2784,"Masque of the Red Death, The"
3833,"Brain That Wouldn't Die, The"
3838,Phantasm III: Lord of the Dead
3692,Class of Nuke 'Em High
2095,"Shaggy D.A., The"
3339,Cross of Iron
2362,Glen or Glenda
2388,Steam: The Turkish Bath (Hamam)
3569,"Idiots, The (Idioterne)"
652,"301, 302"
755,Kim
834,Phat Beach
882,"Trigger Effect, The"
3345,"Charlie, the Lonesome Cougar"
2886,"Adventures of Elmo in Grouchland, The"
3777,Nekromantik
1496,Anna Karenina
656,Eddie
3119,Bay of Blood (Reazione a catena)
3318,Deterrence
3335,Jail Bait
3344,Blood Feast
3346,Color Me Blood Red
2545,Relax... It's Just Sex
1743,Arguing the World
1695,Artemisia
3490,Horror Express
3651,"Blood Spattered Bride, The (La Novia Ensangrentada)"
2855,Nightmares
1989,Prom Night III: The Last Kiss
1990,Prom Night IV: Deliver Us From Evil
2868,Fright Night Part II
600,Love and a .45
1165,"Bloody Child, The"
1002,Ed's Next Move
3372,"Bridge at Remagen, The"
840,House Arrest
865,Small Faces
867,Carpool
2446,In Dreams
1679,Chairman of the Board
1822,Meet the Deedles
3531,All the Vermeers in New York
3645,Cleo From 5 to 7 (Cléo de 5 à 7)
3669,Stay Tuned
1164,Two or Three Things I Know About Her
1362,"Garden of Finzi-Contini, The (Giardino dei Finzi-Contini, Il)"
3446,Funny Bones
681,Clean Slate (Coup de Torchon)
1332,"Believers, The"
2464,Trick or Treat
3276,Gun Shy
3133,Go West
3310,"Kid, The"
3665,Curse of the Puppet Master
3781,Shaft in Africa
1826,Barney's Great Adventure
343,"Baby-Sitters Club, The"
484,Lassie
2219,Murder!
2256,Parasite
726,Last Dance
3106,Come See the Paradise
2237,Without Limits
2521,Airport 1975
2386,Jerry Springer: Ringmaster
3289,Not One Less (Yi ge dou bu neng shao)
3445,Eyes of Laura Mars
331,Tom & Viv
375,Safe Passage
722,"Haunted World of Edward D. Wood Jr., The"
3894,Solas
1384,"Substance of Fire, The"
2673,Eternity and a Day (Mia eoniotita ke mia mera )
2825,Rosie
2843,"Black Cat, White Cat (Crna macka, beli macor)"
1039,Synthetic Pleasures
2933,"Fire Within, The (Le Feu Follet)"
1163,Mina Tannenbaum
1525,Warriors of Virtue
3239,Isn't She Great?
1490,B*A*P*S
3240,"Big Tease, The"
243,Gordy
1798,Hush
470,House Party 3
1351,Blood & Wine
1511,A Chef in Love
2175,Déjà Vu
2281,Monument Ave.
2293,Shadrach
1651,Telling Lies in America
3183,"Third Miracle, The"
997,Caught
2620,This Is My Father
1791,Twilight
1006,"Chamber, The"
335,"Underneath, The"
422,Blink
75,Big Bully
2885,Guinevere
2400,Prancer
1067,"Damsel in Distress, A"
2733,Vibes
1153,Raw Deal
1383,Adrenalin: Fear the Rush
2810,Perfect Blue
49,When Night Is Falling
939,"Reluctant Debutante, The"
1817,No Looking Back
1749,"Leading Man, The"
3670,"Story of G.I. Joe, The"
124,"Star Maker, The (Uomo delle stelle, L')"
1659,Hurricane Streets
228,Destiny Turns on the Radio
1773,Tokyo Fist
2767,Illuminata
283,New Jersey Drive
478,Jimmy Hollywood
2298,Strangeland
881,First Kid
3626,8 1/2 Women
807,"Rendezvous in Paris (Rendez-vous de Paris, Les)"
2055,Hot Lead and Cold Feet
2896,Alvarez Kelly
1906,Mr. Jealousy
96,In the Bleak Midwinter
1406,"Cérémonie, La"
2063,Seventh Heaven (Le Septième ciel)
3817,"Other Side of Sunday, The (Søndagsengler)"
1149,JLG/JLG - autoportrait de décembre
1341,Burnt Offerings
2465,Deadly Friend
2754,Deadtime Stories
3637,Vagabond (Sans toit ni loi)
2853,"Communion (a.k.a. Alice, Sweet Alice/Holy Terror)"
746,Force of Evil
2618,"Castle, The"
3374,Daughters of the Dust
106,Nobody Loves Me (Keiner liebt mich)
1809,Hana-bi
1455,Hotel de Love
705,Cosi
2715,"Velocity of Gary, The"
1758,Dangerous Beauty
828,"Adventures of Pinocchio, The"
2837,Bedrooms & Hallways
626,"Thin Line Between Love and Hate, A"
1865,Wild Man Blues
3739,Trouble in Paradise
2179,Topaz
3293,Conceiving Ada
3912,Beautiful
2074,"Night Porter, The (Il Portiere di notte)"
1538,"Second Jungle Book: Mowgli & Baloo, The"
3790,Groove
3428,"Champ, The"
2847,Only Angels Have Wings
2854,Don't Look in the Basement!
3832,"Black Sabbath (Tre Volti Della Paura, I)"
3691,Private School
2128,Safe Men
1336,Body Parts
2326,Shattered Image
2737,Assassination
3721,Trixie
2044,"Devil and Max Devlin, The"
2982,"Guardian, The"
2275,Six-String Samurai
1837,"Odd Couple II, The"
1113,"Associate, The"
1133,Talking About Sex
347,Bitter Moon
1720,Time Tracers
1440,Amos & Andrew
578,"Hour of the Pig, The"
3410,Soft Fruit
411,You So Crazy
658,Billy's Holiday
2931,Time of the Gypsies (Dom za vesanje)
2911,"Grandfather, The (El Abuelo)"
3892,Anatomy (Anatomie)
3122,Santa Fe Trail
3143,Hell in the Pacific
3368,"Big Country, The"
2481,My Name Is Joe
2201,"Paradine Case, The"
2342,Hard Core Logo
1656,Swept from the Sea
1312,Female Perversions
1000,Curdled
212,Bushwhacked
56,Kids of the Round Table
1412,Some Mother's Son
462,"Good Man in Africa, A"
121,"Boys of St. Vincent, The"
3648,"Abominable Snowman, The"
1893,Beyond Silence
716,Switchblade Sisters
2586,"Goodbye, Lover"
1579,For Ever Mozart
2522,Airport '77
37,Across the Sea of Time
2487,"Blood, Guts, Bullets and Octane"
3900,Crime and Punishment in Suburbia
2056,In Search of the Castaways
2131,Autumn Sonata (Höstsonaten )
731,Heaven's Prisoners
1447,Gridlock'd
2850,Public Access
3805,Knightriders
1501,Keys to Tulsa
103,Unforgettable
2778,Never Talk to Strangers
1056,Jude
61,Eye for an Eye
1903,Hav Plenty
2486,24-hour Woman
2834,"Very Thought of You, The"
200,"Tie That Binds, The"
270,Love Affair
1899,Passion in the Desert
2158,"Henry: Portrait of a Serial Killer, Part 2"
3737,Lonely Are the Brave
3875,"Devil Rides Out, The"
1087,Madame Butterfly
2743,Native Son
114,Margaret's Museum
3940,"Slumber Party Massacre III, The"
443,"Endless Summer 2, The"
2211,Secret Agent
2227,"Lodger, The"
992,"Rich Man's Wife, The"
3291,Trois
3442,Band of the Hand
1853,"Alan Smithee Film: Burn Hollywood Burn, An"
2164,Surf Nazis Must Die
3313,Class Reunion
2753,"Bedroom Window, The"
3632,Monsieur Verdoux
3314,"Big Trees, The"
2658,"Flying Saucer, The"
3611,Saludos Amigos
3878,X: The Unknown
888,Land Before Time III: The Time of the Great Giving
1570,Tetsuo II: Body Hammer
3759,Fun and Fancy Free
3775,Make Mine Music
3848,Silent Fall
402,Open Season
3137,"Sea Wolves, The"
576,Fausto
2631,Frogs for Snakes
297,Panther
1558,Sudden Manhattan
1565,Head Above Water
3588,"King of Marvin Gardens, The"
1549,Rough Magic
1692,Alien Escape
1168,Bad Moon
2869,"Separation, The (La Séparation)"
3862,About Adam
3140,"Three Ages, The"
3944,Bootmen
2892,New Rose Hotel
3866,Sunset Strip
3891,Turn It Up
3899,Circus
1026,So Dear to My Heart
3025,Rough Night in Jericho
3407,"Carriers Are Waiting, The (Les Convoyeurs Attendent)"
3463,Last Resort
1170,Best of the Best 3: No Turning Back
304,Roommates
2452,"Gate II: Trespassers, The"
2842,Best Laid Plans
3223,"Zed & Two Noughts, A"
1846,Nil By Mouth
1567,"Last Time I Committed Suicide, The"
136,From the Journals of Jean Seberg
3378,"Ogre, The (Der Unhold)"
3232,Seven Chances
1458,Touch
2466,Belizaire the Cajun
2536,"Concorde: Airport '79, The"
386,S.F.W.
554,Trial by Jury
2200,Under Capricorn
850,Cyclo
545,Harlem
1117,"Eighth Day, The (Le Huitième jour )"
614,Loaded
2577,Metroland
167,Feast of July
2773,Alice and Martin (Alice et Martin)
1040,"Secret Agent, The"
385,"Man of No Importance, A"
3803,Greaser's Palace
2593,"Monster, The (Il Mostro)"
2760,"Gambler, The (A Játékos)"
1696,Bent
2397,Mass Appeal
2756,Wanted: Dead or Alive
3575,Defying Gravity
3845,And God Created Woman (Et Dieu&#8230;Créa la Femme)
3306,"Circus, The"
2207,Jamaica Inn
1494,"Sixth Man, The"
2509,Eight Days a Week
3184,Montana
3647,Running Free
2727,Killer's Kiss
244,Gumby: The Movie
2304,Love Is the Devil
2914,Molly
2960,Beefcake
2061,Full Tilt Boogie
2317,"Alarmist, The"
2185,I Confess
2187,Stage Fright
1864,Sour Grapes
734,Getting Away With Murder
2215,Rich and Strange
1493,Love and Other Catastrophes
1829,Chinese Box
2675,Twice Upon a Yesterday
1151,Faust
2510,Just the Ticket
1793,Welcome to Woop-Woop
3570,"Last September, The"
3026,Slaughterhouse
2156,"Best Man, The (Il Testimone dello sposo)"
2251,"Cabinet of Dr. Ramirez, The"
3880,"Ballad of Ramblin' Jack, The"
1668,One Night Stand
1814,"Price Above Rubies, A"
3495,Roadside Prophets
1514,Temptress Moon (Feng Yue)
1561,Wedding Bell Blues
3319,Judy Berlin
359,I Like It Like That
2945,Mike's Murder
310,Rent-a-Kid
925,Golden Earrings
1901,Dear Jesse
2578,"Sticky Fingers of Time, The"
59,"Confessional, The (Le Confessionnal)"
3523,Taffin
2283,"Sheltering Sky, The"
2449,"Garbage Pail Kids Movie, The"
452,Widows' Peak
2244,"Allnighter, The"
397,"Fear, The"
2332,Belly
1575,Gabbeh
756,Carmen Miranda: Bananas Is My Business
2691,"Legend of 1900, The (Leggenda del pianista sull'oceano)"
2813,"Source, The"
2538,Dancemaker
2191,"Merry War, A"
792,"Hungarian Fairy Tale, A"
3218,Poison
3402,Turtle Diary
3800,Criminal Lovers (Les Amants Criminels)
3850,Whatever Happened to Aunt Alice?
3333,"Killing of Sister George, The"
2981,"Brother, Can You Spare a Dime?"
821,"Crude Oasis, The"
220,Castle Freak
1426,Zeus and Roxanne
2350,Heart Condition
2556,Telling You
1144,"Line King: Al Hirschfeld, The"
2934,"Love Bewitched, A (El Amor Brujo)"
1622,Kicked in the Head
1636,Stag
980,In the Line of Duty 2
814,"Boy Called Hate, A"
394,Coldblooded
702,Faces
744,Brothers in Trouble
2246,Stars and Bars
1486,"Quiet Room, The"
1154,T-Men
1160,Six of a Kind
1504,Hollow Reed
2197,Firelight
1574,Fall
33,Wings of Courage
3574,Carnosaur 3: Primal Species
2775,Head On
389,"Colonel Chabert, Le"
1071,For the Moment
559,"Paris, France"
1671,Deceiver
3482,Price of Glory
3126,"End of the Affair, The"
1324,Amityville: Dollhouse
189,Reckless
1174,Grosse Fatigue
1898,"Land Girls, The"
108,Catwalk
2758,Plenty
3209,"Loves of Carmen, The"
2192,See the Sea (Regarde la mer)
1519,Broken English
1098,"Search for One-eye Jimmy, The"
1369,I Can't Sleep (J'ai pas sommeil)
3151,"Bat Whispers, The"
1038,Unhook the Stars
2923,Citizen's Band (a.k.a. Handle with Care)
3027,Slaughterhouse 2
1433,"Machine, The"
3847,"Ilsa, She Wolf of the SS"
3757,Asylum
3772,Hatchet For the Honeymoon (Rosso Segno Della Follia)
2257,No Small Affair
3492,"Son of the Sheik, The"
598,Window to Paris
563,Germinal
729,"Institute Benjamenta, or This Dream People Call Human Life"
730,"Low Life, The"
758,"Jar, The (Khomreh)"
2233,Digging to China
2234,Let's Talk About Sex
2441,"Hi-Lo Country, The"
245,"Glass Shield, The"
1872,Go Now
264,"Enfer, L'"
3636,Those Who Love Me Can Take the Train (Ceux qui m'aiment prendront le train)
1116,"Single Girl, A (La Fille Seule)"
672,Tarantella
682,Tigrero: A Film That Was Never Made
698,Delta of Venus
3116,Miss Julie
862,Manny & Lo
2503,"Apple, The (Sib)"
895,Venice/Venice
2557,I Stand Alone (Seul contre tous)
2705,"Late August, Early September (Fin août, début septembre)"
197,"Stars Fell on Henrietta, The"
2765,"Acid House, The"
53,Lamerica
526,"Savage Nights (Nuits fauves, Les)"
90,"Journey of August King, The"
567,Kika
962,They Made Me a Criminal
618,Two Much
2172,"Strike! (a.k.a. All I Wanna Do, The Hairy Bird)"
120,Race the Sun
2209,Young and Innocent
703,Boys
3003,Train of Life (Train De Vie)
967,"Outlaw, The"
2814,"Bat, The"
2823,"Spiders, The (Die Spinnen, 1. Teil: Der Goldene See)"
3486,Devil Girl From Mars
3642,In Old California
972,"Last Time I Saw Paris, The"
641,"Little Indian, Big City (Un indien dans la ville)"
2608,Heaven
1444,Guantanamera
1850,"I Love You, Don't Touch Me!"
3657,Pandora and the Flying Dutchman
1138,Dadetown
2776,"Marcello Mastroianni: I Remember Yes, I Remember"
1436,Falling in Love Again
769,Marlene Dietrich: Shadow and Light
985,Small Wonders
1675,Incognito
2576,"Love, etc."
3542,Coming Apart
192,"Show, The"
2127,"First Love, Last Rites"
887,Talk of Angels
712,Captives
2831,"Dog of Flanders, A"
2358,Savior
1849,Prince Valiant
1121,Glory Daze
1181,"Shooter, The"
2562,Bandits
3205,Black Sunday (La Maschera Del Demonio)
3644,Dark Command
401,Mirage
2221,Blackmail
3131,Broadway Damage
3228,Wirey Spindell
1315,Paris Was a Woman
864,"Wife, The"
219,"Cure, The"
3294,Eaten Alive
3305,Bluebeard
3380,Railroaded!
643,Peanuts - Die Bank zahlt alles
3419,Something for Everyone
2632,"Saragossa Manuscript, The (Rekopis znaleziony w Saragossie)"
3888,Skipped Parts
823,"Collectionneuse, La"
2619,Mascara
1877,Little Men
3722,Live Virgin
2101,Squanto: A Warrior's Tale
2563,Beauty
3905,"Specials, The"
853,Dingo
3904,"Uninvited Guest, An"
1548,"War at Home, The"
1878,Woo
666,All Things Fair
1360,Identification of a Woman (Identificazione di una donna)
1364,Zero Kelvin (Kjærlighetens kjøtere)
696,Butterfly Kiss
3517,"Bells, The"
2984,On Any Sunday
3601,"Castaway Cowboy, The"
3322,3 Strikes
3303,Black Tar Heroin: The Dark End of the Street
3887,Went to Coney Island on a Mission From God... Be Back by Five
579,"Scorta, La"
2235,One Man's Hero
789,"I, Worst of All (Yo, la peor de todas)"
796,"Very Natural Thing, A"
3212,Born to Win
3216,Vampyros Lesbos (Las Vampiras)
2277,Somewhere in the City
3220,Night Tide
1630,"Lay of the Land, The"
977,Moonlight Murder
1652,Year of the Horse
2484,Tinseltown
1852,Love Walked In
3621,Possession
2821,Male and Female
3493,Torso (Corpi Presentano Tracce di Violenza Carnale)
3641,"Woman of Paris, A"
1115,Sleepover
1118,Tashunga
601,"Wooden Man's Bride, The (Wu Kui)"
3828,Better Living
1142,Get Over It
1145,Snowriders
3687,Light Years
2887,Simon Sez
623,"Modern Affair, A"
644,Happy Weekend
651,"Superweib, Das"
3876,Jerry & Tom
660,August
1510,"Brother's Kiss, A"
1386,Terror in a Texas Town
859,"Hippie Revolution, The"
3136,"James Dean Story, The"
1553,Late Bloomers
3166,Brenda Starr
3312,"McCullochs, The"
1718,Stranger in the House
3321,"Waiting Game, The"
142,Shadows (Cienie)
1908,Resurrection Man
1764,Tainted
2584,Foolish
1787,"Paralyzing Fear: The Story of Polio in America, A"
2742,Ménage (Tenue de soirée)
3778,On Our Merry Way
3283,Minnie and Moskowitz
884,Sweet Nothing
3085,"Living Dead Girl, The (La Morte Vivante)"
1685,"I Love You, I Love You Not"
3748,"Match, The"
1528,Intimate Relations
2591,Jeanne and the Perfect Guy (Jeanne et le garçon formidable)
3595,Held Up
815,Power 98
2254,Choices
2299,"Battle of the Sexes, The"
1520,Commandments
775,Spirits of the Dead (Tre Passi nel Delirio)
1420,Message to Love: The Isle of Wight Festival
684,Windows
690,"Promise, The (Versprechen, Das)"
1534,"Bonheur, Le"
3652,City of the Living Dead (Paura nella città dei morti viventi)
3277,Beloved/Friend (Amigo/Amado)
3666,Retro Puppetmaster
3522,Sacco and Vanzetti (Sacco e Vanzetti)
3295,Raining Stones
3377,Hangmen Also Die
557,Mamma Roma
1107,Loser
560,"Beans of Egypt, Maine, The"
3458,Blood and Sand (Sangre y Arena)
706,Sunset Park
2226,"Ring, The"
1815,Eden
2444,24 7: Twenty Four Seven
3353,"Closer You Get, The"
3288,Cotton Mary
3352,Brown's Requiem
1770,B. Monkey
398,Frank and Ollie
989,Schlafes Bruder (Brother of Sleep)
2783,"Tomb of Ligeia, The"
1532,Sprung
966,"Walk in the Sun, A"
874,Killer: A Journal of Murder
1886,I Got the Hook Up
2592,"Joyriders, The"
657,Yankee Zulu
3890,Back Stage
2039,Cheetah
749,"Man from Down Under, The"
3818,Pot O' Gold
582,Metisse (Café au Lait)
642,Roula
3297,With Byrd at the South Pole
732,Original Gangstas
2930,Return with Honor
3057,Where's Marlowe?
3472,Horror Hotel (a.k.a. The City of the Dead)
130,Angela
139,Target
2955,Penitentiary II
655,Mutters Courage
3485,Autopsy (Macchie Solari)
790,An Unforgettable Summer
1915,Voyage to the Beginning of the World
2833,Lucie Aubrac
1714,Never Met Picasso
3207,"Snows of Kilimanjaro, The"
3242,Santitos
3533,"Actor's Revenge, An (Yukinojo Henge)"
1851,Leather Jacket Love Story
1830,Follow the Bitch
3881,Bittersweet Motel
2777,Cobra
3443,Born American
757,Ashes of Time
2895,Napoleon and Samantha
889,1-900
1470,Rhyme & Reason
981,Dangerous Ground
679,"Run of the Country, The"
3373,Buck and the Preacher
872,Aiqing wansui
3381,Slaves to the Underground
1555,"To Have, or Not"
3779,Project Moon Base
791,"Last Klezmer: Leopold Kozlowski, His Life and Music, The"
3609,Regret to Inform
1430,Underworld
1724,Full Speed
2223,"Farmer's Wife, The"
3233,Smashing Time
3237,Kestrel's Eye (Falkens öga)
3762,Daughter of Dr. Jeckyll
3172,Ulysses (Ulisse)
3065,Ten Benny
3631,It's in the Water
1139,Everything Relative
3603,"Gay Deceivers, The"
3842,Make Them Die Slowly (Cannibal Ferox)
572,Foreign Student
2213,Waltzes from Vienna
2217,Elstree Calling
3202,Even Dwarfs Started Small (Auch Zwerge haben klein angefangen)
975,Something to Sing About
3376,"Fantastic Night, The (La Nuit Fantastique)"
311,Relative Fear
1905,Marie Baie Des Anges
2258,Master Ninja I
2623,Trippin'
3236,Zachariah
396,Fall Time
868,Death in Brunswick
3413,Impact
1316,Anna
878,Bye-Bye
226,Dream Man
2811,With Friends Like These...
827,"Convent, The (Convento, O)"
584,I Don't Want to Talk About It (De eso no se habla)
1820,"Proposition, The"
607,Century
701,Daens
2214,Number Seventeen
763,"Last of the High Kings, The (a.k.a. Summer Fling)"
3229,Another Man's Poison
820,"Death in the Garden (Mort en ce jardin, La)"
3337,I'll Never Forget What's 'is Name
138,"Neon Bible, The"
530,Second Best
1070,Macao
843,Lotto Land
3336,It Happened Here
3460,Hillbillys in a Haunted House
3123,Spring Fever USA (a.k.a. Lauderdale)
133,Nueba Yol
3290,Soft Toilet Seats
1709,Legal Deceit
3164,"Alley Cats, The"
3315,Happy Go Lovely
1832,Heaven's Burning
439,Dangerous Game
134,Sonic Outlaws
2480,Dry Cleaning (Nettoyage à sec)
1842,Illtown
2309,"Inheritors, The (Die Siebtelbauern)"
3084,Home Page
2218,Juno and Paycock
2308,Detroit 9000
624,Condition Red
1434,"Stranger, The"
1868,"Truce, The"
404,Brother Minister: The Assassination of Malcolm X
2543,Six Ways to Sunday
591,Tough and Deadly
3656,Lured
2438,Outside Ozona
3323,Chain of Fools
127,"Silence of the Palace, The (Saimt el Qusur)"
3382,Song of Freedom
1843,Slappy and the Stinkers
286,Nemesis 2: Nebula
3530,Smoking/No Smoking
2198,Modulations
2703,Broken Vessels
2845,White Boys
3607,One Little Indian
2909,"Five Wives, Three Secretaries and Me"
